MID-ATLANTIC,,,Matt,DC,DE,KY,MD,NJ,OH,PA,VA,WV,,,,,  (JOHN) MIDWEST_S,,,,AR,KS,MO,OK,TX,,,,,  (KEN) MIDWEST,,,,IA,IL,IN,MI,MN,ND,NE,SD,WI,,,,,NORTHEAST,,,Kevin McKay,CT,ME,MA,NH,NY,RI,VT,,,,,NORTHWEST,,,Ken Koehler,"ID",MT,OR,WA,WY,,,,,SOUTH,,,David,AL,FL,GA,LA,MS,NC,SC,TN,,,,,SOUTHWEST,,,Bob,AZ,CA,CO,NM,NV,UT,,,,,Carrier Logo,Carrier link
CL,PL,SL,CARRIER PARTNERS,DC,DE,KY,MD,NJ,OH,PA,VA,WV,GRID STATES,ALL STATES,ALL ACTIVE CARRIERS ,,CL,PL,SL,CARRIER PARTNERS,AR,KS,MO,OK,TX,GRID STATES,ALL STATES,ALL ACTIVE CARRIERS ,,CL,PL,SL,CARRIER PARTNERS,IA,IL,IN,MI,MN,ND,NE,SD,WI,GRID STATES,ALL STATES,ALL ACTIVE CARRIERS ,,CL,PL,SL,CARRIER PARTNERS,CT,ME,MA,NH,NY,RI,VT,GRID STATES,ALL STATES,ALL ACTIVE CARRIERS ,,CL,PL,SL,CARRIER PARTNERS,"ID",MT,OR,WA,WY,GRID STATES,ALL STATES,ALL ACTIVE CARRIERS ,,CL,PL,SL,CARRIER PARTNERS,AL,FL,GA,LA,MS,NC,SC,TN,GRID STATES,ALL STATES,ALL ACTIVE CARRIERS ,,CL,PL,SL,CARRIER PARTNERS,AZ,CA,CO,NM,NV,UT,GRID STATES,ALL STATES,ALL ACTIVE CARRIERS ,Count of States,Carrier Logo,Carrier link
,X,,AAA,,,,,,,,,,G,,ACTIVE,,,X,,AAA,,,,,,,,,,,X,,AAA,,,,,,,,,,G,,ACTIVE,,,X,,AAA,,,,,,,,,,,,,X,,AAA,,,,,,,,,,,X,,AAA,,,,,,,,,G,,ACTIVE,,,X,,AAA,,,,,,,,,,9,https://daks2k3a4ib2z.cloudfront.net/66f0cd754043424e6ac8102c/670d6ffc4c71de93b88c5009_AAA-500x500.jpg,https://mwg.aaa.com/insurance
X,X,,Acadia Insurance,,,,,,,,,,,,,,X,X,,Acadia Insurance,,,,,,,,,,X,X,,Acadia Insurance,,,,,,,,,,,,,,X,X,,Acadia Insurance,,,,,,,,G,,ACTIVE,,X,X,,Acadia Insurance,,,,,,,,,,X,X,,Acadia Insurance,,,,,,,,,,,,,X,X,,Acadia Insurance,,,,,,,,,,3,https://daks2k3a4ib2z.cloudfront.net/66f0cd754043424e6ac8102c/670d6ffd73f9c29f6631563b_Acadia-Insurance-500x500.jpg,https://www.acadiainsurance.com/
,X,,Adirondack Insurance Exchange,,,,,,,,,,,,,,,X,,Adirondack Insurance Exchange,,,,,,,,,,,X,,Adirondack Insurance Exchange,,,,,,,,,,,,,,,X,,Adirondack Insurance Exchange,,,,,,,,G,,ACTIVE,,,X,,Adirondack Insurance Exchange,,,,,,,,,,,X,,Adirondack Insurance Exchange,,,,,,,,,,,,,,X,,Adirondack Insurance Exchange,,,,,,,,,,1,https://daks2k3a4ib2z.cloudfront.net/66f0cd754043424e6ac8102c/670d6ffbb08c829c1ceaa7e2_Adirondack-Insurance-Exchange-500x500.jpg,https://aie-ny.com/
,,X,AEGIS,,,,,,,,,,,,,,,,X,AEGIS,,,,,,,,,,,,X,AEGIS,,,,,,,,,,,,,,,,X,AEGIS,,,,,,,,,,,,,,X,AEGIS,,,,,,,,,,,,X,AEGIS,,,,,,,,,,,,,,,X,AEGIS,,,,,,,,A,ACTIVE,6,https://daks2k3a4ib2z.cloudfront.net/66f0cd754043424e6ac8102c/670d6ffb0d0eafc0e896f691_Aegis-500x500.jpg,https://www.aegisgeneral.com/
,X,,AIG PCG,,,,,,,,,,G,,ACTIVE,,,X,,AIG PCG,,,,,,,,,,,X,,AIG PCG,,,,,,,,,,,,,,,X,,AIG PCG,,,,,,,,G,,ACTIVE,,,X,,AIG PCG,,,,,,,,,,,X,,AIG PCG,,,,,,,,,G,,ACTIVE,,,X,,AIG PCG,,,,,,,,,,11,https://daks2k3a4ib2z.cloudfront.net/66f0cd754043424e6ac8102c/670d6ffb46647148fc949b97_AIG-PCG-500x500.jpg,https://www.aig.com/individual/insurance/private-client-group
X,X,,Allstate,,,,,,,,,,,A,ACTIVE,,X,X,,Allstate,,,,,,,A,ACTIVE,,X,X,,Allstate,,,,,,,,,,,A,ACTIVE,,X,X,,Allstate,,,,,,,,G,,ACTIVE,,X,X,,Allstate,,,,,,,A,ACTIVE,,X,X,,Allstate,,,,,,,,,,A,ACTIVE,,X,X,,Allstate,,,,,,,,A,ACTIVE,48,https://daks2k3a4ib2z.cloudfront.net/66f0cd754043424e6ac8102c/670d6ffb54eb594420daebc6_Allstate-500x500.jpg,https://www.allstate.com/
X,,,American European,,,,,,,,,,G,,ACTIVE,,X,,,American European,,,,,,,,,,X,,,American European,,,,,,,,,,,,,,X,,,American European,,,,,,,,G,,ACTIVE,,X,,,American European,,,,,,,,,,X,,,American European,,,,,,,,,,,,,X,,,American European,,,,,,,,,,5,https://daks2k3a4ib2z.cloudfront.net/66f0cd754043424e6ac8102c/670d6ffbbadde10190a519cd_American-European-500x500.jpg,https://www.aeiginsurance.com/
,X,,American Modern,,,,,,,,,,G,,ACTIVE,,,X,,American Modern,,,,,,G,,ACTIVE,,,X,,American Modern,,,,,,,,,,G,,ACTIVE,,,X,,American Modern,,,,,,,,,,,,,X,,American Modern,,,,,,,A,ACTIVE,,,X,,American Modern,,,,,,,,,,,,,,X,,American Modern,,,,,,,,,,21,https://daks2k3a4ib2z.cloudfront.net/66f0cd754043424e6ac8102c/670d6ffb1c4eeb2ec6e1bea7_American-Modern-500x500.jpg,https://agents.amig.com/content/munichre/amiggrp/agents/storefront/en/home.html
,,X,American Modern,,,,,,,,,,,,,,,,X,American Modern,,,,,,,,,,,,X,American Modern,,,,,,,,,,,,,,,,X,American Modern,,,,,,,,,,,,,,X,American Modern,,,,,,,,,,,,X,American Modern,,,,,,,,,,,,,,,X,American Modern,,,,,,,,A,ACTIVE,6,https://daks2k3a4ib2z.cloudfront.net/66f0cd754043424e6ac8102c/670d6ffbdebdfa4790b25070_Carrier-American-Modern-1.png,https://www.amig.com/
X,,,Amerisafe,,,,,,,,,,G,,ACTIVE,,X,,,Amerisafe,,,,,,,A,ACTIVE,,X,,,Amerisafe,,,,,,,,,,G,,ACTIVE,,X,,,Amerisafe,,,,,,,,,,,,X,,,Amerisafe,,,,,,,,,,X,,,Amerisafe,,,,,,,,,,A,ACTIVE,,X,,,Amerisafe,,,,,,,,,,25,https://daks2k3a4ib2z.cloudfront.net/66f0cd754043424e6ac8102c/670d6ffb9daeea0c9834cc4c_Amerisafe-500x500.jpg,https://www.amerisafe.com/
X,,,AmTrust,,,,,,,,,,,A,ACTIVE,,X,,,AmTrust,,,,,,G,,ACTIVE,,X,,,AmTrust,,,,,,,,,,G,,ACTIVE,,X,,,AmTrust,,,,,,,,,A,ACTIVE,,X,,,AmTrust,,,,,,,A,ACTIVE,,X,,,AmTrust,,,,,,,,,,A,ACTIVE,,X,,,AmTrust,,,,,,,,A,ACTIVE,46,https://daks2k3a4ib2z.cloudfront.net/66f0cd754043424e6ac8102c/670d6ffbf683560b776946ff_Amtrust-500x500.jpg,https://amtrustfinancial.com/
,X,,ASI Progressive,,,,,,,,,,,,,,,X,,ASI Progressive,,,,,,G,,ACTIVE,,,X,,ASI Progressive,,,,,,,,,,,,,,,X,,ASI Progressive,,,,,,,,G,,ACTIVE,,,X,,ASI Progressive,,,,,,,,,,,X,,ASI Progressive,,,,,,,,,G,,ACTIVE,,,X,,ASI Progressive,,,,,,,G,,ACTIVE,15,https://daks2k3a4ib2z.cloudfront.net/66f0cd754043424e6ac8102c/670d6ffb01bbc0b5b9d9857b_ASI-Progressive-500x500.jpg,https://www.americanstrategic.com/
,,X,ASI Flood,,,,,,,,,,,,,,,,X,ASI Flood,,,,,,G,,ACTIVE,,,,X,ASI Flood,,,,,,,,,,,,,,,,X,ASI Flood,,,,,,,,,A,ACTIVE,,,,X,ASI Flood,,,,,,,,,,,,X,ASI Flood,,,,,,,,,,,,,,,X,ASI Flood,,,,,,,,,,8,https://daks2k3a4ib2z.cloudfront.net/66f0cd754043424e6ac8102c/670d6ffb8e0c075d388d7469_ASI-Flood-500x500.jpg,https://www.americanstrategic.com/insurance/flood-insurance/
,,X,Aspyre,,,,,,,,,,,,,,,,X,Aspyre,,,,,,,,,,,,X,Aspyre,,,,,,,,,,,,,,,,X,Aspyre,,,,,,,,,,,,,,X,Aspyre,,,,,,,,,,,,X,Aspyre,,,,,,,,,,,,,,,X,Aspyre,,,,,,,G,,ACTIVE,2,https://daks2k3a4ib2z.cloudfront.net/66f0cd754043424e6ac8102c/670d6ffb9a22bf65feea678c_Aspyre-500x500.jpg,https://www.balanceuw.com/aspyre
,,X,Assurant Flood,,,,,,,,,,,A,ACTIVE,,,,X,Assurant Flood,,,,,,,A,ACTIVE,,,,X,Assurant Flood,,,,,,,,,,,A,ACTIVE,,,,X,Assurant Flood,,,,,,,,,A,ACTIVE,,,,X,Assurant Flood,,,,,,,,,,,,X,Assurant Flood,,,,,,,,,,A,ACTIVE,,,,X,Assurant Flood,,,,,,,,A,ACTIVE,44,https://daks2k3a4ib2z.cloudfront.net/66f0cd754043424e6ac8102c/670d6ffe1ef1e9ba8d58634a_Carrier-Assurant-1.png,https://www.assurant.com/
,,X,Attune,,,,,,,,,,,A,ACTIVE,,,,X,Attune,,,,,,,A,ACTIVE,,,,X,Attune,,,,,,,,,,,A,ACTIVE,,,,X,Attune,,,,,,,,,A,ACTIVE,,,,X,Attune,,,,,,,A,ACTIVE,,,,X,Attune,,,,,,,,,,A,ACTIVE,,,,X,Attune,,,,,,,,A,ACTIVE,49,https://daks2k3a4ib2z.cloudfront.net/66f0cd754043424e6ac8102c/670d6ffcf08a0e9aae9f6856_Attune-500x500.jpg,https://www.attuneinsurance.com/
,,X,Berkley Aspire,,,,,,,,,,,A,ACTIVE,,,,X,Berkley Aspire,,,,,,,A,ACTIVE,,,,X,Berkley Aspire,,,,,,,,,,,A,ACTIVE,,,,X,Berkley Aspire,,,,,,,,,A,ACTIVE,,,,X,Berkley Aspire,,,,,,,A,ACTIVE,,,,X,Berkley Aspire,,,,,,,,,G,,ACTIVE,,,,X,Berkley Aspire,,,,,,,,A,ACTIVE,48,https://daks2k3a4ib2z.cloudfront.net/66f0cd754043424e6ac8102c/670d6ffbc35ff96b80690e13_Berkley-Aspire-500x500.jpg,https://www.berkleyaspire.com/
X,,,Berkley Luxury Group,,,,,,,,,,G,,ACTIVE,,X,,,Berkley Luxury Group,,,,,,,,,,X,,,Berkley Luxury Group,,,,,,,,,,G,,ACTIVE,,X,,,Berkley Luxury Group,,,,,,,,,,,,X,,,Berkley Luxury Group,,,,,,,,,,X,,,Berkley Luxury Group,,,,,,,,,,,,,X,,,Berkley Luxury Group,,,,,,,,,,2,https://daks2k3a4ib2z.cloudfront.net/66f0cd754043424e6ac8102c/670d6ffcf08a0e9aae9f685b_Berkley-Luxury-Group-500x500.jpg,https://www.berkleyluxurygroup.com/
X,,,Berkley Mid-Atlantic Group,,,,,,,,,,G,,ACTIVE,,X,,,Berkley Mid-Atlantic Group,,,,,,,,,,X,,,Berkley Mid-Atlantic Group,,,,,,,,,,,,,,X,,,Berkley Mid-Atlantic Group,,,,,,,,,,,,X,,,Berkley Mid-Atlantic Group,,,,,,,,,,X,,,Berkley Mid-Atlantic Group,,,,,,,,,,,,,X,,,Berkley Mid-Atlantic Group,,,,,,,,,,5,https://daks2k3a4ib2z.cloudfront.net/66f0cd754043424e6ac8102c/670d6ffbf683560b77694705_Berkley-Mid-Atlantic-Group-500x500.jpg,https://www.wrbmag.com/
X,,,Berkley North Pacific,,,,,,,,,,,,,,X,,,Berkley North Pacific,,,,,,,,,,X,,,Berkley North Pacific,,,,,,,,,,,,,,X,,,Berkley North Pacific,,,,,,,,,,,,X,,,Berkley North Pacific,,,,,,G,,ACTIVE,,X,,,Berkley North Pacific,,,,,,,,,,,,,X,,,Berkley North Pacific,,,,,,,,,,3,https://daks2k3a4ib2z.cloudfront.net/66f0cd754043424e6ac8102c/670d6ffbcc478abd1d4da05c_Berkley-NWP-500x500.jpg,https://www.berkleynpac.com/
X,,,Berkley Southeast Group,,,,,,,,,,,,,,X,,,Berkley Southeast Group,,,,,,,,,,X,,,Berkley Southeast Group,,,,,,,,,,,,,,X,,,Berkley Southeast Group,,,,,,,,,,,,X,,,Berkley Southeast Group,,,,,,,,,,X,,,Berkley Southeast Group,,,,,,,,,G,,ACTIVE,,X,,,Berkley Southeast Group,,,,,,,,,,4,https://daks2k3a4ib2z.cloudfront.net/66f0cd754043424e6ac8102c/670d6ffbc7051ec79087ed00_Berkley-Southeast-Group-500x500.jpg,https://www.berkleysig.com/
,,X,Bigfoot ,,,,,,,,,,,,,,,,X,Bigfoot ,,,,,,,,,,,,X,Bigfoot ,,,,,,,,,,,,,,,,X,Bigfoot ,,,,,,,,,,,,,,X,Bigfoot ,,,,,,,A,ACTIVE,,,,X,Bigfoot ,,,,,,,,,,,,,,,X,Bigfoot ,,,,,,,,A,ACTIVE,11,https://daks2k3a4ib2z.cloudfront.net/66f0cd754043424e6ac8102c/670d702794bdc4d2cc47529c_Bigfoot-500x500.jpg,https://bigfootbinds.com/
X,X,,Brethren Mutual,,,,,,,,,,G,,ACTIVE,,X,X,,Brethren Mutual,,,,,,,,,,X,X,,Brethren Mutual,,,,,,,,,,,,,,X,X,,Brethren Mutual,,,,,,,,,,,,X,X,,Brethren Mutual,,,,,,,,,,X,X,,Brethren Mutual,,,,,,,,,,,,,X,X,,Brethren Mutual,,,,,,,,,,4,https://daks2k3a4ib2z.cloudfront.net/66f0cd754043424e6ac8102c/670d6ffa9daeea0c9834cae2_Brethren-Mutual-500x500.jpg,https://www.bmic.com/
,X,,Bristol West,,,,,,,,,,,,,,,X,,Bristol West,,,,,,,A,ACTIVE,,,X,,Bristol West,,,,,,,,,,G,,ACTIVE,,,X,,Bristol West,,,,,,,,,,,,,X,,Bristol West,,,,,,,A,ACTIVE,,,X,,Bristol West,,,,,,,,,,,,,,X,,Bristol West,,,,,,,,,,17,https://daks2k3a4ib2z.cloudfront.net/66f0cd754043424e6ac8102c/670d6ffaf4b23816e2d549bc_Bristol-West-500x500.jpg,https://www.bristolwest.com/
,,X,Bristol West,,,,,,,,,,G,,ACTIVE,,,,X,Bristol West,,,,,,,,,,,,X,Bristol West,,,,,,,,,,,,,,,,X,Bristol West,,,,,,,,,,,,,,X,Bristol West,,,,,,,,,,,,X,Bristol West,,,,,,,,,,A,ACTIVE,,,,X,Bristol West,,,,,,,,A,ACTIVE,17,https://daks2k3a4ib2z.cloudfront.net/66f0cd754043424e6ac8102c/670d6ffaf4b23816e2d549bc_Bristol-West-500x500.jpg,https://www.bristolwest.com/
,,X,BTIS,,,,,,,,,,,,,,,,X,BTIS,,,,,,,A,ACTIVE,,,,X,BTIS,,,,,,,,,,,A,ACTIVE,,,,X,BTIS,,,,,,,,,,,,,,X,BTIS,,,,,,,A,ACTIVE,,,,X,BTIS,,,,,,,,,G,,ACTIVE,,,,X,BTIS,,,,,,,,A,ACTIVE,26,https://daks2k3a4ib2z.cloudfront.net/66f0cd754043424e6ac8102c/670d6ffbbadde10190a519e7_BTIS.jpg,https://marketplace.btisinc.com/
X,,,Builders Mutual,,,,,,,,,,G,,ACTIVE,,X,,,Builders Mutual,,,,,,,,,,X,,,Builders Mutual,,,,,,,,,,,,,,X,,,Builders Mutual,,,,,,,,,,,,X,,,Builders Mutual,,,,,,,,,,X,,,Builders Mutual,,,,,,,,,G,,ACTIVE,,X,,,Builders Mutual,,,,,,,,,,8,https://daks2k3a4ib2z.cloudfront.net/66f0cd754043424e6ac8102c/670d6ffa0334f3320bad45ee_Builders-Mutual-500x500.jpg,https://www.buildersmutual.com/
,X,,Bunker Hill,,,,,,,,,,,,,,,X,,Bunker Hill,,,,,,,,,,,X,,Bunker Hill,,,,,,,,,,,,,,,X,,Bunker Hill,,,,,, , ,G,,ACTIVE,,,X,,Bunker Hill,,,,,,,,,,,X,,Bunker Hill,,,,,,,,,,,,,,X,,Bunker Hill,,,,,,,,,,4,https://daks2k3a4ib2z.cloudfront.net/66f0cd754043424e6ac8102c/670d6ffaa29b3fc63a32d29a_Bunker-Hill-500x500.jpg,https://www.plymouthrock.com/
,,X,Burns & Wilcox,,,,,,,,,,,A,ACTIVE,,,,X,Burns & Wilcox,,,,,,,A,ACTIVE,,,,X,Burns & Wilcox,,,,,,,,,,,A,ACTIVE,,,,X,Burns & Wilcox,,,,,,,,,A,ACTIVE,,,,X,Burns & Wilcox,,,,,,,A,ACTIVE,,,,X,Burns & Wilcox,,,,,,,,,,A,ACTIVE,,,,X,Burns & Wilcox,,,,,,,,A,ACTIVE,49,https://daks2k3a4ib2z.cloudfront.net/66f0cd754043424e6ac8102c/670d6ffac35ff96b80690d92_Burns-Wilcox-500x500.jpg,https://www.burnsandwilcox.com/
X,,X,Chubb,,,,,,,,,,,A,ACTIVE,,X,,X,Chubb,,,,,,G,,ACTIVE,,X,,X,Chubb,,,,,,,,,,,,,,X,,X,Chubb,,,,,,,,,A,ACTIVE,,X,,X,Chubb,,,,,,,,,,X,,X,Chubb,,,,,,,,,,,,,X,,X,Chubb,,,,,,,,,,17,https://daks2k3a4ib2z.cloudfront.net/66f0cd754043424e6ac8102c/670d6ffbf4b23816e2d549ed_Chubb-500x500.jpg,https://www.chubb.com/us-en/
X,,,Chubb Agribusiness ,,,,,,,,,,,,,,X,,,Chubb Agribusiness ,,,,,,,,,,X,,,Chubb Agribusiness ,,,,,,,,,,,,,,X,,,Chubb Agribusiness ,,,,,,,,,,,,X,,,Chubb Agribusiness ,,,,,,,A,ACTIVE,,X,,,Chubb Agribusiness ,,,,,,,,,,,,,X,,,Chubb Agribusiness ,,,,,,,,,,5,Logo provided as an email attachment: Chubb_Agribusiness.jpg,Chubb Agribusiness | Chubb Agribusiness
,X,,Chubb PRS,,,,,,,,,,,A,ACTIVE,,,X,,Chubb PRS,,,,,,,A,ACTIVE,,,X,,Chubb PRS,,,,,,,,,,,,,,,X,,Chubb PRS,,,,,,,,,A,ACTIVE,,,X,,Chubb PRS,,,,,,,,,,,X,,Chubb PRS,,,,,,,,,,A,ACTIVE,,,X,,Chubb PRS,,,,,,,,A,ACTIVE,35,https://daks2k3a4ib2z.cloudfront.net/66f0cd754043424e6ac8102c/670d6ffbf4b23816e2d549ed_Chubb-500x500.jpg,https://auth.chubb.com/auth.chubb.com/b2c_1a_prssignin/oauth2/v2.0/authorize?client_id=3fa0f8a6-b98a-4f19-9ef4-602489ec9541&scope=https%3A%2F%2Fb2c.chubbdigital.com%2FPRSMobileAPI%2Fread%20openid%20profile&redirect_uri=https%3A%2F%2Fprsclientview.chubb.com&client-request-id=01389d45-1567-4755-b815-7529aa36e22c&response_mode=fragment&response_type=code&x-client-SKU=msal.js.browser&x-client-VER=2.11.0&x-client-OS=&x-client-CPU=&client_info=1&code_challenge=PYFXdsXk3iEM2bZncbq_97hKHYER2GxClcLciuihNi4&code_challenge_method=S256&nonce=2524eb0d-41c7-4bf3-afb7-e9160eef80cd&state=eyJpZCI6ImUzOGMyNzM5LTk1N2EtNGEyMS1hYTY4LTA2ODM2ZjE0ZTZmNSIsIm1ldGEiOnsiaW50ZXJhY3Rpb25UeXBlIjoicmVkaXJlY3QifX0%3D&cloud=true
,X,,Clearside,,,,,,,,,,,,,,,X,,Clearside,,,,,,,,,,,X,,Clearside,,,,,,,,,,,,,,,X,,Clearside,,,,,,,,,,,,,X,,Clearside,,,,,,,,,,,X,,Clearside,,,,,,,,,,,,,,X,,Clearside,,,,,,,G,,ACTIVE,1,https://daks2k3a4ib2z.cloudfront.net/66f0cd754043424e6ac8102c/670d6ffb4f3f5677bd58c695_Clearside-500x500.jpg,http://www.clearsidegeneral.com/contact-clearside.html
X,,X,CNA,,,,,,,,,,,A,ACTIVE,,X,,X,CNA,,,,,,,A,ACTIVE,,X,,X,CNA,,,,,,,,,,,,,,X,,X,CNA,,,,,,,,,A,ACTIVE,,X,,X,CNA,,,,,,,,,,X,,X,CNA,,,,,,,,,,A,ACTIVE,,X,,X,CNA,,,,,,,,A,ACTIVE,35,https://daks2k3a4ib2z.cloudfront.net/66f0cd754043424e6ac8102c/670d6ffbc96f2e8d113e430b_CNA-500x500.jpg,https://www.cna.com/web/guest/cna/home
X,,,CNA,,,,,,,,,,,,,,X,,,CNA,,,,,,,,,,X,,,CNA,,,,,,,,,,,A,ACTIVE,,X,,,CNA,,,,,,,,,,,,X,,,CNA,,,,,,,A,ACTIVE,,X,,,CNA,,,,,,,,,,,,,X,,,CNA,,,,,,,,,,14,https://daks2k3a4ib2z.cloudfront.net/66f0cd754043424e6ac8102c/670d6ffbc96f2e8d113e430b_CNA-500x500.jpg,https://www.cna.com/web/guest/cna/home
X,,,CoastLine BOP (Velocity Risk),,,,,,,,,,G,,ACTIVE,,X,,,CoastLine BOP (Velocity Risk),,,,,,G,,ACTIVE,,X,,,CoastLine BOP (Velocity Risk),,,,,,,,,,,,,,X,,,CoastLine BOP (Velocity Risk),,,,,,,,G,,ACTIVE,,X,,,CoastLine BOP (Velocity Risk),,,,,,,,,,X,,,CoastLine BOP (Velocity Risk),,,,,,,,,G,,ACTIVE,,X,,,CoastLine BOP (Velocity Risk),,,,,,,,,,13,https://daks2k3a4ib2z.cloudfront.net/66f0cd754043424e6ac8102c/670d6ffbe93ebfc0a3b4c7ef_Coastline-BOP-Velocity-Risk.jpg,lineunderwriters.com
,,X,Collectibles Insurance Services,,,,,,,,,,,,,,,,X,Collectibles Insurance Services,,,,,,,,,,,,X,Collectibles Insurance Services,,,,,,,,,,,,,,,,X,Collectibles Insurance Services,,,,,,,,,A,ACTIVE,,,,X,Collectibles Insurance Services,,,,,,,,,,,,X,Collectibles Insurance Services,,,,,,,,,,,,,,,X,Collectibles Insurance Services,,,,,,,,A,ACTIVE,13,https://daks2k3a4ib2z.cloudfront.net/66f0cd754043424e6ac8102c/670d703415349596f10b492f_Collectibles-Insurance-Services-500x500.jpg,https://collectinsure.com/
,X,,Countryway Insurance,,,,,,,,,,G,,ACTIVE,,,X,,Countryway Insurance,,,,,,,,,,,X,,Countryway Insurance,,,,,,,,,,,,,,,X,,Countryway Insurance,,,,,,,,G,,ACTIVE,,,X,,Countryway Insurance,,,,,,,,,,,X,,Countryway Insurance,,,,,,,,,,,,,,X,,Countryway Insurance,,,,,,,,,,2,https://daks2k3a4ib2z.cloudfront.net/66f0cd754043424e6ac8102c/670d6ffbf08a0e9aae9f67df_Countryway-Insurance-500x500.jpg,https://www.countryway.com/
,,X,CRC Group,,,,,,,,,,,A,ACTIVE,,,,X,CRC Group,,,,,,,A,ACTIVE,,,,X,CRC Group,,,,,,,,,,,A,ACTIVE,,,,X,CRC Group,,,,,,,,,A,ACTIVE,,,,X,CRC Group,,,,,,,A,ACTIVE,,,,X,CRC Group,,,,,,,,,,A,ACTIVE,,,,X,CRC Group,,,,,,,,A,ACTIVE,49,https://daks2k3a4ib2z.cloudfront.net/66f0cd754043424e6ac8102c/670d6ffb9ab06d422fecd4fd_CRC-Group-500x500.jpg,https://crcgroup.com/
,X,,Delos Insurance Solutions ,,,,,,,,,,,,,,,X,,Delos Insurance Solutions ,,,,,,,,,,,X,,Delos Insurance Solutions ,,,,,,,,,,,,,,,X,,Delos Insurance Solutions ,,,,,,,,,,,,,X,,Delos Insurance Solutions ,,,,,,,,,,,X,,Delos Insurance Solutions ,,,,,,,,,,,,,,X,,Delos Insurance Solutions ,,,,,,,G,,ACTIVE,1,https://daks2k3a4ib2z.cloudfront.net/66f0cd754043424e6ac8102c/670d6ffb5fa5db02bf10efa8_Delos-1.jpg,https://www.getdelos.com/
X,X,,Donegal Insurance Group,,,,,,,,,,G,,ACTIVE,,X,X,,Donegal Insurance Group,,,,,,,,,,X,X,,Donegal Insurance Group,,,,,,,,,,,,,,X,X,,Donegal Insurance Group,,,,,,,,,,,,X,X,,Donegal Insurance Group,,,,,,,,,,X,X,,Donegal Insurance Group,,,,,,,,,G,,ACTIVE,,X,X,,Donegal Insurance Group,,,,,,,,,,9,https://daks2k3a4ib2z.cloudfront.net/66f0cd754043424e6ac8102c/670d6ffb4be494b295f4230e_Donegal-Insurance-Group-500x500.jpg,https://www.donegalgroup.com/home
X,,,Donegal Insurance Group CL,,,,,,,,,,,,,,X,,,Donegal Insurance Group CL,,,,,,,,,,X,,,Donegal Insurance Group CL,,,,,,,,,,G,,ACTIVE,,X,,,Donegal Insurance Group CL,,,,,,,,,,,,X,,,Donegal Insurance Group CL,,,,,,,,,,X,,,Donegal Insurance Group CL,,,,,,,,,,,,,X,,,Donegal Insurance Group CL,,,,,,,G,,ACTIVE,7,https://daks2k3a4ib2z.cloudfront.net/66f0cd754043424e6ac8102c/670d6ffb4be494b295f4230e_Donegal-Insurance-Group-500x500.jpg,https://www.donegalgroup.com/home
,X,,Donegal Insurance Group PL,,,,,,,,,,,,,,,X,,Donegal Insurance Group PL,,,,,,,,,,,X,,Donegal Insurance Group PL,,,,,,,,,,G,,ACTIVE,,,X,,Donegal Insurance Group PL,,,,,,,,,,,,,X,,Donegal Insurance Group PL,,,,,,,,,,,X,,Donegal Insurance Group PL,,,,,,,,,,,,,,X,,Donegal Insurance Group PL,,,,,,,G,,ACTIVE,5,https://daks2k3a4ib2z.cloudfront.net/66f0cd754043424e6ac8102c/670d6ffb4be494b295f4230e_Donegal-Insurance-Group-500x500.jpg,https://www.donegalgroup.com/home
X,,,EMC,,,,,,,,,,,,,,X,,,EMC,,,,,,,,,,X,,,EMC,,,,,,,,,,,,,,X,,,EMC,,,,,,,,,,,,X,,,EMC,,,,,,,,,,X,,,EMC,,,,,,,,,G,,ACTIVE,,X,,,EMC,,,,,,,,,,1,https://daks2k3a4ib2z.cloudfront.net/66f0cd754043424e6ac8102c/670d6ffb7b71aa00c4e21946_EMC-500x500.jpg,https://www.emcins.com/
X,,,Employers,,,,,,,,,,G,,ACTIVE,,X,,,Employers,,,,,,,A,ACTIVE,,X,,,Employers,,,,,,,,,,G,,ACTIVE,,X,,,Employers,,,,,,,,,A,ACTIVE,,X,,,Employers,,,,,,G,,ACTIVE,,X,,,Employers,,,,,,,,,,A,ACTIVE,,X,,,Employers,,,,,,,,A,ACTIVE,44,https://daks2k3a4ib2z.cloudfront.net/66f0cd754043424e6ac8102c/670d6ffac7051ec79087ec40_Employers-500x500.jpg,https://www.employers.com/
,X,,Encompass,,,,,,,,,,G,,ACTIVE,,,X,,Encompass,,,,,,,A,ACTIVE,,,X,,Encompass,,,,,,,,,,,A,ACTIVE,,,X,,Encompass,,,,,,,,G,,ACTIVE,,,X,,Encompass,,,,,,,A,ACTIVE,,,X,,Encompass,,,,,,,,,G,,ACTIVE,,,X,,Encompass,,,,,,,,A,ACTIVE,41,https://daks2k3a4ib2z.cloudfront.net/66f0cd754043424e6ac8102c/670d6ff91593e36762aeb8e4_Carrier-Encompass-1.png,https://www.encompassinsurance.com/
,X,,Erie and Niagara Insurance,,,,,,,,,,,,,,,X,,Erie and Niagara Insurance,,,,,,,,,,,X,,Erie and Niagara Insurance,,,,,,,,,,,,,,,X,,Erie and Niagara Insurance,,,,,,,,G,,ACTIVE,,,X,,Erie and Niagara Insurance,,,,,,,,,,,X,,Erie and Niagara Insurance,,,,,,,,,,,,,,X,,Erie and Niagara Insurance,,,,,,,,,,1,https://daks2k3a4ib2z.cloudfront.net/66f0cd754043424e6ac8102c/670d6ffa46647148fc9499f2_Erie-and-Niagara-Insurance-500x500.jpg,https://enia.com/
X,X,,Farmers of Salem,,,,,,,,,,G,,ACTIVE,,X,X,,Farmers of Salem,,,,,,,,,,X,X,,Farmers of Salem,,,,,,,,,,,,,,X,X,,Farmers of Salem,,,,,,,,,,,,X,X,,Farmers of Salem,,,,,,,,,,X,X,,Farmers of Salem,,,,,,,,,,,,,X,X,,Farmers of Salem,,,,,,,,,,4,https://daks2k3a4ib2z.cloudfront.net/66f0cd754043424e6ac8102c/670d6ffaaade392f3f45b1d0_Farmers-of-Salem-500x500.jpg,https://www.farmersofsalem.com/
X,X,,First Chicago,,,,,,,,,,,,,,X,X,,First Chicago,,,,,,G,,ACTIVE,,X,X,,First Chicago,,,,,,,,,,G,,ACTIVE,,X,X,,First Chicago,,,,,,,,,,,,X,X,,First Chicago,,,,,,,,,,X,X,,First Chicago,,,,,,,,,,,,,X,X,,First Chicago,,,,,,,,,,4,https://daks2k3a4ib2z.cloudfront.net/66f0cd754043424e6ac8102c/670d6ffa5b9692b1b6269dcf_First-Chicago-500x500.jpg,https://www.firstchicagoinsurance.com/
X,X,,FMI,,,,,,,,,,G,,ACTIVE,,X,X,,FMI,,,,,,,,,,X,X,,FMI,,,,,,,,,,,,,,X,X,,FMI,,,,,,,,,,,,X,X,,FMI,,,,,,,,,,X,X,,FMI,,,,,,,,,,,,,X,X,,FMI,,,,,,,,,,1,https://daks2k3a4ib2z.cloudfront.net/66f0cd754043424e6ac8102c/670d6ffb54eb594420daec36_FMI.jpg,https://www.fmiweb.com/site/
,,X,Foremost Choice,,,,,,,,,,G,,ACTIVE,,,,X,Foremost Choice,,,,,,,,,,,,X,Foremost Choice,,,,,,,,,,,,,,,,X,Foremost Choice,,,,,,,,G,,ACTIVE,,,,X,Foremost Choice,,,,,,,,,,,,X,Foremost Choice,,,,,,,,,,,,,,,X,Foremost Choice,,,,,,,,,,8,https://daks2k3a4ib2z.cloudfront.net/66f0cd754043424e6ac8102c/670d6ff90d0eafc0e896f51b_Foremost-Choice-500x500.jpg,https://www.foremost.com/products/home/
,,X,Foremost Flood,,,,,,,,,,,A,ACTIVE,,,,X,Foremost Flood,,,,,,G,,ACTIVE,,,,X,Foremost Flood,,,,,,,,,,G,,ACTIVE,,,,X,Foremost Flood,,,,,,,,,A,ACTIVE,,,,X,Foremost Flood,,,,,,,A,ACTIVE,,,,X,Foremost Flood,,,,,,,,,,,,,,,X,Foremost Flood,,,,,,,,,,31,https://daks2k3a4ib2z.cloudfront.net/66f0cd754043424e6ac8102c/670d6ff94bb62740bfe61176_Foremost-Flood-500x500.jpg,https://www.foremost.com/products/home/
,X,,Foremost Signature (MetLife),,,,,,,,,,,A,ACTIVE,,,X,,Foremost Signature (MetLife),,,,,,,A,ACTIVE,,,X,,Foremost Signature (MetLife),,,,,,,,,,,A,ACTIVE,,,X,,Foremost Signature (MetLife),,,,,,,,G,,ACTIVE,,,X,,Foremost Signature (MetLife),,,,,,,A,ACTIVE,,,X,,Foremost Signature (MetLife),,,,,,,,,G,,ACTIVE,,,X,,Foremost Signature (MetLife),,,,,,,G,,ACTIVE,46,https://daks2k3a4ib2z.cloudfront.net/66f0cd754043424e6ac8102c/670d6ffa214dcbf83e19fcf5_Foremost-Signature-MetLife-500x500.jpg,https://www.foremost.com/products/home/
,X,X,Foremost Specialty,,,,,,,,,,,A,ACTIVE,,,X,X,Foremost Specialty,,,,,,,A,ACTIVE,,,X,X,Foremost Specialty,,,,,,,,,,,,,,,X,X,Foremost Specialty,,,,,,,,,,,,,X,X,Foremost Specialty,,,,,,,,,,,X,X,Foremost Specialty,,,,,,,,,,A,ACTIVE,,,X,X,Foremost Specialty,,,,,,,,A,ACTIVE,28,https://daks2k3a4ib2z.cloudfront.net/66f0cd754043424e6ac8102c/670d6ff90d8865d0a691ecb1_Foremost-Specialty-500x500.jpg,https://www.foremost.com/products/home/
X,X,,Foremost Specialty,,,,,,,,,,,,,,X,X,,Foremost Specialty,,,,,,,,,,X,X,,Foremost Specialty,,,,,,,,,,,,,,X,X,,Foremost Specialty,,,,,,,,,A,ACTIVE,,X,X,,Foremost Specialty,,,,,,,,,,X,X,,Foremost Specialty,,,,,,,,,,,,,X,X,,Foremost Specialty,,,,,,,,,,7,https://daks2k3a4ib2z.cloudfront.net/66f0cd754043424e6ac8102c/670d6ff90d8865d0a691ecb1_Foremost-Specialty-500x500.jpg,https://www.foremost.com/products/home/
,X,,Foremost Specialty,,,,,,,,,,,,,,,X,,Foremost Specialty,,,,,,,,,,,X,,Foremost Specialty,,,,,,,,,,,A,ACTIVE,,,X,,Foremost Specialty,,,,,,,,,,,,,X,,Foremost Specialty,,,,,,,A,ACTIVE,,,X,,Foremost Specialty,,,,,,,,,,,,,,X,,Foremost Specialty,,,,,,,,,,14,https://daks2k3a4ib2z.cloudfront.net/66f0cd754043424e6ac8102c/670d6ff90d8865d0a691ecb1_Foremost-Specialty-500x500.jpg,https://www.foremost.com/products/home/
X,,,Forge Insurance,,,,,,,,,,G,,ACTIVE,,X,,,Forge Insurance,,,,,,G,,ACTIVE,,X,,,Forge Insurance,,,,,,,,,,G,,ACTIVE,,X,,,Forge Insurance,,,,,,,,,,,,X,,,Forge Insurance,,,,,,G,,ACTIVE,,X,,,Forge Insurance,,,,,,,,,G,,ACTIVE,,X,,,Forge Insurance,,,,,,,,,,18,https://daks2k3a4ib2z.cloudfront.net/66f0cd754043424e6ac8102c/670d6ffc0364f94e4dca0b7a_Forge-Insurance.jpg,www.forgeinsurance.com
X,,,Frederick Mutual Insurance,,,,,,,,,,G,,ACTIVE,,X,,,Frederick Mutual Insurance,,,,,,,,,,X,,,Frederick Mutual Insurance,,,,,,,,,,,,,,X,,,Frederick Mutual Insurance,,,,,,,,,,,,X,,,Frederick Mutual Insurance,,,,,,,,,,X,,,Frederick Mutual Insurance,,,,,,,,,G,,ACTIVE,,X,,,Frederick Mutual Insurance,,,,,,,,,,5,https://daks2k3a4ib2z.cloudfront.net/66f0cd754043424e6ac8102c/670d6ff99daeea0c9834c955_Frederick-Mutual-Insurance-500x500.jpg,https://www.frederickmutual.com/
,,X,GBLI | Global Indemnity,,,,,,,,,,,A,ACTIVE,,,,X,GBLI | Global Indemnity,,,,,,G,,ACTIVE,,,,X,GBLI | Global Indemnity,,,,,,,,,,G,,ACTIVE,,,,X,GBLI | Global Indemnity,,,,,,,,,,,,,,X,GBLI | Global Indemnity,,,,,,,,,,,,X,GBLI | Global Indemnity,,,,,,,,,,,,,,,X,GBLI | Global Indemnity,,,,,,,,A,ACTIVE,24,https://daks2k3a4ib2z.cloudfront.net/66f0cd754043424e6ac8102c/670d6ffbc7051ec79087ed21_GBLI.jpg,https://gbli.com/our-businesses/#insurtech
X,X,X,Grange,,,,,,,,,,G,,ACTIVE,,X,X,X,Grange,,,,,,,,,,X,X,X,Grange,,,,,,,,,,,,,,X,X,X,Grange,,,,,,,,,,,,X,X,X,Grange,,,,,,,,,,X,X,X,Grange,,,,,,,,,G,,ACTIVE,,X,X,X,Grange,,,,,,,,,,6,https://daks2k3a4ib2z.cloudfront.net/66f0cd754043424e6ac8102c/670d6ffa2153e467e3130563_Grange-Insurance-500x500.jpg,https://www.grangeinsurance.com/
X,X,,Grange,,,,,,,,,,,,,,X,X,,Grange,,,,,,,,,,X,X,,Grange,,,,,,,,,,G,,ACTIVE,,X,X,,Grange,,,,,,,,,,,,X,X,,Grange,,,,,,,,,,X,X,,Grange,,,,,,,,,,,,,X,X,,Grange,,,,,,,,,,6,https://daks2k3a4ib2z.cloudfront.net/66f0cd754043424e6ac8102c/670d6ffa2153e467e3130563_Grange-Insurance-500x500.jpg,https://www.grangeinsurance.com/
X,X,,Guard,,,,,,,,,,,A,ACTIVE,,X,X,,Guard,,,,,,,A,ACTIVE,,X,X,,Guard,,,,,,,,,,G,,ACTIVE,,X,X,,Guard,,,,,,,,,A,ACTIVE,,X,X,,Guard,,,,,,,A,ACTIVE,,X,X,,Guard,,,,,,,,,,A,ACTIVE,,X,X,,Guard,,,,,,,,A,ACTIVE,48,https://daks2k3a4ib2z.cloudfront.net/66f0cd754043424e6ac8102c/670d6ffa9e1d8b79c86a312d_Guard-500x500.jpg,https://www.guard.com/
,,X,Hagerty,,,,,,,,,,,A,ACTIVE,,,,X,Hagerty,,,,,,,A,ACTIVE,,,,X,Hagerty,,,,,,,,,,,A,ACTIVE,,,,X,Hagerty,,,,,,,,,A,ACTIVE,,,,X,Hagerty,,,,,,,A,ACTIVE,,,,X,Hagerty,,,,,,,,,,A,ACTIVE,,,,X,Hagerty,,,,,,,,A,ACTIVE,49,https://daks2k3a4ib2z.cloudfront.net/66f0cd754043424e6ac8102c/670d6ffb5717c9b1e2bf5e19_Hagerty-Classic-Auto-500x500.jpg,https://www.hagerty.com/
X,,X,Hanover CL,,,,,,,,,,G,,ACTIVE,,X,,X,Hanover CL,,,,,,G,,ACTIVE,,X,,X,Hanover CL,,,,,,,,,,,,,,X,,X,Hanover CL,,,,,,,,,,,,X,,X,Hanover CL,,,,,,,,,,X,,X,Hanover CL,,,,,,,,,G,,ACTIVE,,X,,X,Hanover CL,,,,,,,,,,9,https://daks2k3a4ib2z.cloudfront.net/66f0cd754043424e6ac8102c/670d6ffa65612663d076a278_Hanover-500x500.jpg,https://www.hanover.com/
X,,,Hanover CL,,,,,,,,,,,,,,X,,,Hanover CL,,,,,,,,,,X,,,Hanover CL,,,,,,,,,,G,,ACTIVE,,X,,,Hanover CL,,,,,,,,,A,ACTIVE,,X,,,Hanover CL,,,,,,G,,ACTIVE,,X,,,Hanover CL,,,,,,,,,,,,,X,,,Hanover CL,,,,,,,,,,13,https://daks2k3a4ib2z.cloudfront.net/66f0cd754043424e6ac8102c/670d6ffa65612663d076a278_Hanover-500x500.jpg,https://www.hanover.com/
,X,,Hanover PL,,,,,,,,,,G,,ACTIVE,,,X,,Hanover PL,,,,,,G,,ACTIVE,,,X,,Hanover PL,,,,,,,,,,G,,ACTIVE,,,X,,Hanover PL,,,,,,,,,,,,,X,,Hanover PL,,,,,,,,,,,X,,Hanover PL,,,,,,,,,,,,,,X,,Hanover PL,,,,,,,,,,8,https://daks2k3a4ib2z.cloudfront.net/66f0cd754043424e6ac8102c/670d6ffa65612663d076a278_Hanover-500x500.jpg,https://www.hanover.com/
X,,,Harford Mutual,,,,,,,,,,G,,ACTIVE,,X,,,Harford Mutual,,,,,,,,,,X,,,Harford Mutual,,,,,,,,,,,,,,X,,,Harford Mutual,,,,,,,,,,,,X,,,Harford Mutual,,,,,,,,,,X,,,Harford Mutual,,,,,,,,,G,,ACTIVE,,X,,,Harford Mutual,,,,,,,,,,9,https://daks2k3a4ib2z.cloudfront.net/66f0cd754043424e6ac8102c/670d6ff9b08c829c1ceaa4ec_Harford-Mutual-500x500.jpg,https://www.harfordmutual.com/
X,X,,The Hartford,,,,,,,,,,,,,,X,X,,The Hartford,,,,,,,A,ACTIVE,,X,X,,The Hartford,,,,,,,,,,,,,,X,X,,The Hartford,,,,,,,,,A,ACTIVE,,X,X,,The Hartford,,,,,,,A,ACTIVE,,X,X,,The Hartford,,,,,,,,,,,,,X,X,,The Hartford,,,,,,,,A,ACTIVE,23,https://daks2k3a4ib2z.cloudfront.net/66f0cd754043424e6ac8102c/670d6ff9f3f1a5160b279577_The-Hartford-500x500.jpg,https://www.thehartford.com/
X,,,The Hartford CL,,,,,,,,,,,A,ACTIVE,,X,,,The Hartford CL,,,,,,,,,,X,,,The Hartford CL,,,,,,,,,,,A,ACTIVE,,X,,,The Hartford CL,,,,,,,,,,,,X,,,The Hartford CL,,,,,,,,,,X,,,The Hartford CL,,,,,,,,,,A,ACTIVE,,X,,,The Hartford CL,,,,,,,,,,26,https://daks2k3a4ib2z.cloudfront.net/66f0cd754043424e6ac8102c/670d6ff9f3f1a5160b279577_The-Hartford-500x500.jpg,https://www.thehartford.com/
,X,,The Hartford PL,,,,,,,,,,G,,ACTIVE,,,X,,The Hartford PL,,,,,,,,,,,X,,The Hartford PL,,,,,,,,,,G,,ACTIVE,,,X,,The Hartford PL,,,,,,,,,,,,,X,,The Hartford PL,,,,,,,,,,,X,,The Hartford PL,,,,,,,,,G,,ACTIVE,,,X,,The Hartford PL,,,,,,,,,,21,https://daks2k3a4ib2z.cloudfront.net/66f0cd754043424e6ac8102c/670d6ff9f3f1a5160b279577_The-Hartford-500x500.jpg,https://www.thehartford.com/
,,X,The Hartford Flood,,,,,,,,,,,A,ACTIVE,,,,X,The Hartford Flood,,,,,,,A,ACTIVE,,,,X,The Hartford Flood,,,,,,,,,,,A,ACTIVE,,,,X,The Hartford Flood,,,,,,,,,A,ACTIVE,,,,X,The Hartford Flood,,,,,,,A,ACTIVE,,,,X,The Hartford Flood,,,,,,,,,,A,ACTIVE,,,,X,The Hartford Flood,,,,,,,,A,ACTIVE,49,https://daks2k3a4ib2z.cloudfront.net/66f0cd754043424e6ac8102c/670d6ffabd4a91e7beaedd38_The-Hartford-Flood-500x500.jpg,https://www.thehartford.com/
,X,,Heritage Insurance,,,,,,,,,,,,,,,X,,Heritage Insurance,,,,,,,,,,,X,,Heritage Insurance,,,,,,,,,,,,,,,X,,Heritage Insurance,,,,,,,,,,,,,X,,Heritage Insurance,,,,,,,,,,,X,,Heritage Insurance,,,,,,,,,G,,ACTIVE,,,X,,Heritage Insurance,,,,,,,,,,6,https://daks2k3a4ib2z.cloudfront.net/66f0cd754043424e6ac8102c/670d6ff973f9c29f6631524a_Heritage-Insurance-500x500.jpg,https://www.heritagepci.com/
,,X,Jewelers Mutual,,,,,,,,,,,,,,,,X,Jewelers Mutual,,,,,,,,,,,,X,Jewelers Mutual,,,,,,,,,,,,,,,,X,Jewelers Mutual,,,,,,,,,A,ACTIVE,,,,X,Jewelers Mutual,,,,,,,,,,,,X,Jewelers Mutual,,,,,,,,,,,,,,,X,Jewelers Mutual,,,,,,,,,,7,https://daks2k3a4ib2z.cloudfront.net/66f0cd754043424e6ac8102c/670d6ff9a29b3fc63a32d129_Jewelers-Mutual-500x500.jpg,https://www.jewelersmutual.com/
,,X,KDP (Wood Products),,,,,,,,,,,A,ACTIVE,,,,X,KDP (Wood Products),,,,,,G,,ACTIVE,,,,X,KDP (Wood Products),,,,,,,,,,G,,ACTIVE,,,,X,KDP (Wood Products),,,,,,,,,,,,,,X,KDP (Wood Products),,,,,,G,,ACTIVE,,,,X,KDP (Wood Products),,,,,,,,,,A,ACTIVE,,,,X,KDP (Wood Products),,,,,,,,,,27,https://daks2k3a4ib2z.cloudfront.net/66f0cd754043424e6ac8102c/670d6ff91593e36762aeb8be_KDP-Wood-Products-500x500.jpg,https://www.keithdpeterson.com/
,X,,Kemper,,,,,,,,,,,,,,,X,,Kemper,,,,,,G,,ACTIVE,,,X,,Kemper,,,,,,,,,,G,,ACTIVE,,,X,,Kemper,,,,,,,,,,,,,X,,Kemper,,,,,,,,,,,X,,Kemper,,,,,,,,,,,,,,X,,Kemper,,,,,,,,,,2,https://daks2k3a4ib2z.cloudfront.net/66f0cd754043424e6ac8102c/670d6ff943a4cbf134df7cbb_Kemper-500x500.jpg,https://www.kemper.com/
,,X,Kemper,,,,,,,,,,,,,,,,X,Kemper,,,,,,,,,,,,X,Kemper,,,,,,,,,,,,,,,,X,Kemper,,,,,,,,,,,,,,X,Kemper,,,,,,,,,,,,X,Kemper,,,,,,,,,,,,,,,X,Kemper,,,,,,,G,,ACTIVE,1,https://daks2k3a4ib2z.cloudfront.net/66f0cd754043424e6ac8102c/670d6ff943a4cbf134df7cbb_Kemper-500x500.jpg,https://www.kemper.com/
X,,,Key Risk,,,,,,,,,,G,,ACTIVE,,X,,,Key Risk,,,,,,,A,ACTIVE,,X,,,Key Risk,,,,,,,,,,,,,,X,,,Key Risk,,,,,,,,,,,,X,,,Key Risk,,,,,,,,,,X,,,Key Risk,,,,,,,,,,,,,X,,,Key Risk,,,,,,,,,,12,https://daks2k3a4ib2z.cloudfront.net/66f0cd754043424e6ac8102c/670d6ffad20bd330f79a9bfd_Key-Risk-500x500.jpg,https://www.keyrisk.com/
,,X,Key Risk,,,,,,,,,,,,,,,,X,Key Risk,,,,,,,,,,,,X,Key Risk,,,,,,,,,,G,,ACTIVE,,,,X,Key Risk,,,,,,,,,,,,,,X,Key Risk,,,,,,,,,,,,X,Key Risk,,,,,,,,,,,,,,,X,Key Risk,,,,,,,,,,6,https://daks2k3a4ib2z.cloudfront.net/66f0cd754043424e6ac8102c/670d6ffad20bd330f79a9bfd_Key-Risk-500x500.jpg,https://www.keyrisk.com/
X,,,Liberty Mutual,,,,,,,,,,,A,ACTIVE,,X,,,Liberty Mutual,,,,,,,A,ACTIVE,,X,,,Liberty Mutual,,,,,,,,,,,A,ACTIVE,,X,,,Liberty Mutual,,,,,,,,,A,ACTIVE,,X,,,Liberty Mutual,,,,,,,A,ACTIVE,,X,,,Liberty Mutual,,,,,,,,,,A,ACTIVE,,X,,,Liberty Mutual,,,,,,,,A,ACTIVE,49,https://daks2k3a4ib2z.cloudfront.net/66f0cd754043424e6ac8102c/670d6ff955fbc644906ca397_Liberty-Mutual-500x500.jpg,https://www.libertymutual.com/
,X,,Lightspeed,,,,,,,,,,,,,,,X,,Lightspeed,,,,,,,,,,,X,,Lightspeed,,,,,,,,,,,,,,,X,,Lightspeed,,,,,,,,,,,,,X,,Lightspeed,,,,,,,,,,,X,,Lightspeed,,,,,,,,,,,,,,X,,Lightspeed,,,,,,,G,,ACTIVE,1,https://daks2k3a4ib2z.cloudfront.net/66f0cd754043424e6ac8102c/670d6ff9e93ebfc0a3b4c670_Lightspeed-Specialty-Insurance-Solutions.jpg,https://lsins.com/
X,,,LWCC,,,,,,,,,,,,,,X,,,LWCC,,,,,,,,,,X,,,LWCC,,,,,,,,,,,,,,X,,,LWCC,,,,,,,,,,,,X,,,LWCC,,,,,,,,,,X,,,LWCC,,,,,,,,,G,,ACTIVE,,X,,,LWCC,,,,,,,,,,1,https://daks2k3a4ib2z.cloudfront.net/66f0cd754043424e6ac8102c/670d6ff92153e467e31304ad_LWCC-500x500.jpg,https://www.lwcc.com/
X,X,,Main Street America,,,,,,,,,,G,,ACTIVE,,X,X,,Main Street America,,,,,,,,,,X,X,,Main Street America,,,,,,,,,,,,,,X,X,,Main Street America,,,,,,,,,A,ACTIVE,,X,X,,Main Street America,,,,,,,,,,X,X,,Main Street America,,,,,,,,,G,,ACTIVE,,X,X,,Main Street America,,,,,,,G,,ACTIVE,23,https://daks2k3a4ib2z.cloudfront.net/66f0cd754043424e6ac8102c/670d6ff94e4b40b73bcac203_Carrier-The-Main-Street-America-Group-500x500.png,https://msainsurance.com/
X,,,Main Street America CL,,,,,,,,,,,,,,X,,,Main Street America CL,,,,,,G,,ACTIVE,,X,,,Main Street America CL,,,,,,,,,,G,,ACTIVE,,X,,,Main Street America CL,,,,,,,,,,,,X,,,Main Street America CL,,,,,,,A,ACTIVE,,X,,,Main Street America CL,,,,,,,,,,,,,X,,,Main Street America CL,,,,,,,,,,10,https://daks2k3a4ib2z.cloudfront.net/66f0cd754043424e6ac8102c/670d6ff94e4b40b73bcac203_Carrier-The-Main-Street-America-Group-500x500.png,https://msainsurance.com/
,X,,Main Street America PL,,,,,,,,,,,,,,,X,,Main Street America PL,,,,,,,,,,,X,,Main Street America PL,,,,,,,,,,G,,ACTIVE,,,X,,Main Street America PL,,,,,,,,,,,,,X,,Main Street America PL,,,,,,G,,ACTIVE,,,X,,Main Street America PL,,,,,,,,,,,,,,X,,Main Street America PL,,,,,,,,,,5,https://daks2k3a4ib2z.cloudfront.net/66f0cd754043424e6ac8102c/670d6ff94e4b40b73bcac203_Carrier-The-Main-Street-America-Group-500x500.png,https://msainsurance.com/
,,X,Main Street America (Farm),,,,,,,,,,,,,,,,X,Main Street America (Farm),,,,,,G,,ACTIVE,,,,X,Main Street America (Farm),,,,,,,,,,,,,,,,X,Main Street America (Farm),,,,,,,,,,,,,,X,Main Street America (Farm),,,,,,,,,,,,X,Main Street America (Farm),,,,,,,,,,,,,,,X,Main Street America (Farm),,,,,,,,,,2,https://daks2k3a4ib2z.cloudfront.net/66f0cd754043424e6ac8102c/670d6ffbbd4a91e7beaede4a_Farm-MSA.jpg,https://msainsurance.com/business/farm-ranch
,,X,Main Street America Bond,,,,,,,,,,,A,ACTIVE,,,,X,Main Street America Bond,,,,,,,,,,,,X,Main Street America Bond,,,,,,,,,,,,,,,,X,Main Street America Bond,,,,,,,,,A,ACTIVE,,,,X,Main Street America Bond,,,,,,,A,ACTIVE,,,,X,Main Street America Bond,,,,,,,,,,,,,,,X,Main Street America Bond,,,,,,,,,,21,https://daks2k3a4ib2z.cloudfront.net/66f0cd754043424e6ac8102c/670d6ff94e4b40b73bcac203_Carrier-The-Main-Street-America-Group-500x500.png,https://msainsurance.com/
,X,,MAPFRE,,,,,,,,,,,,,,,X,,MAPFRE,,,,,,,,,,,X,,MAPFRE,,,,,,,,,,,,,,,X,,MAPFRE,,,,,,,,,,,,,X,,MAPFRE,,,,,,,,,,,X,,MAPFRE,,,,,,,,,,,,,,X,,MAPFRE,,,,,,,G,,ACTIVE,1,https://daks2k3a4ib2z.cloudfront.net/66f0cd754043424e6ac8102c/670d6ff99a22bf65feea6662_MAPFRE-500x500.jpg,https://www.mapfreinsurance.com/
X,,X,Markel,,,,,,,,,,,A,ACTIVE,,X,,X,Markel,,,,,,,A,ACTIVE,,X,,X,Markel,,,,,,,,,,,A,ACTIVE,,X,,X,Markel,,,,,,,,,A,ACTIVE,,X,,X,Markel,,,,,,,A,ACTIVE,,X,,X,Markel,,,,,,,,,,A,ACTIVE,,X,,X,Markel,,,,,,,,A,ACTIVE,49,https://daks2k3a4ib2z.cloudfront.net/66f0cd754043424e6ac8102c/670d6ff943a4cbf134df7ceb_Markel-500x500.jpg,https://www.markelinsurance.com/
X,,,Merchants,,,,,,,,,,G,,ACTIVE,,X,,,Merchants,,,,,,,,,,X,,,Merchants,,,,,,,,,,G,,ACTIVE,,X,,,Merchants,,,,,,,,G,,ACTIVE,,X,,,Merchants,,,,,,,,,,X,,,Merchants,,,,,,,,,,,,,X,,,Merchants,,,,,,,,,,7,https://daks2k3a4ib2z.cloudfront.net/66f0cd754043424e6ac8102c/670d6ff8fcc3fd5664b3a51e_Merchants-500x500.jpg,https://www.merchantsgroup.com/
,X,,Mercury Insurance,,,,,,,,,,G,,ACTIVE,,,X,,Mercury Insurance,,,,,,G,,ACTIVE,,,X,,Mercury Insurance,,,,,,,,,,G,,ACTIVE,,,X,,Mercury Insurance,,,,,,,,,,,,,X,,Mercury Insurance,,,,,,,,,,,X,,Mercury Insurance,,,,,,,,,,,,,,X,,Mercury Insurance,,,,,,,G,,ACTIVE,8,https://daks2k3a4ib2z.cloudfront.net/66f0cd754043424e6ac8102c/670d6ff849010795adc65892_Mercury-Insurance-500x500.jpg,https://www.mercuryinsurance.com/
X,X,,Michigan Insurance Company,,,,,,,,,,,,,,X,X,,Michigan Insurance Company,,,,,,,,,,X,X,,Michigan Insurance Company,,,,,,,,,,G,,ACTIVE,,X,X,,Michigan Insurance Company,,,,,,,,,,,,X,X,,Michigan Insurance Company,,,,,,,,,,X,X,,Michigan Insurance Company,,,,,,,,,,,,,X,X,,Michigan Insurance Company,,,,,,,,,,1,https://daks2k3a4ib2z.cloudfront.net/66f0cd754043424e6ac8102c/670d6ff99daeea0c9834c7fc_Michigan-Insurance-Company-500x500.jpg,https://www.michiganinsurance.com/home
X,,,Millers Mutual,,,,,,,,,,G,,ACTIVE,,X,,,Millers Mutual,,,,,,,,,,X,,,Millers Mutual,,,,,,,,,,,,,,X,,,Millers Mutual,,,,,,,,,,,,X,,,Millers Mutual,,,,,,,,,,X,,,Millers Mutual,,,,,,,,,,,,,X,,,Millers Mutual,,,,,,,,,,6,https://daks2k3a4ib2z.cloudfront.net/66f0cd754043424e6ac8102c/670d6ff8819b3908be2b4e23_Millers-Mutual-500x500.jpg,https://millersmutualgroup.com/
X,X,,Mountain States Insurance Group,,,,,,,,,,,,,,X,X,,Mountain States Insurance Group,,,,,,G,,ACTIVE,,X,X,,Mountain States Insurance Group,,,,,,,,,,,,,,X,X,,Mountain States Insurance Group,,,,,,,,,,,,X,X,,Mountain States Insurance Group,,,,,,,,,,X,X,,Mountain States Insurance Group,,,,,,,,,,,,,X,X,,Mountain States Insurance Group,,,,,,,,,,1,https://daks2k3a4ib2z.cloudfront.net/66f0cd754043424e6ac8102c/670d6ff86cc4da4f8006184f_Mountain-States.png.jpg,https://www.msig-nm.com/home
,X,,Narragansett Bay Insurance,,,,,,,,,,G,,ACTIVE,,,X,,Narragansett Bay Insurance,,,,,,,,,,,X,,Narragansett Bay Insurance,,,,,,,,,,,,,,,X,,Narragansett Bay Insurance,,,,, ,,,G,,ACTIVE,,,X,,Narragansett Bay Insurance,,,,,,,,,,,X,,Narragansett Bay Insurance,,,,,,,,,,,,,,X,,Narragansett Bay Insurance,,,,,,,,,,6,https://daks2k3a4ib2z.cloudfront.net/66f0cd754043424e6ac8102c/670d6ff8a29b3fc63a32d0c3_Narragansett-Bay-Insurance-500x500.jpg,https://www.nbic.com/
,X,,National General,,,,,,,,,,G,,ACTIVE,,,X,,National General,,,,,,G,,ACTIVE,,,X,,National General,,,,,,,,,,G,,ACTIVE,,,X,,National General,,,,,,,,G,,ACTIVE,,,X,,National General,,,,,,,A,ACTIVE,,,X,,National General,,,,,,,,,,,,,,X,,National General,,,,,,,,A,ACTIVE,30,https://daks2k3a4ib2z.cloudfront.net/66f0cd754043424e6ac8102c/670d6ff81c4eeb2ec6e1ba9e_National-General-500x500.jpg,https://nationalgeneral.com/
,,X,National General Flood,,,,,,,,,,,A,ACTIVE,,,,X,National General Flood,,,,,,,A,ACTIVE,,,,X,National General Flood,,,,,,,,,,,A,ACTIVE,,,,X,National General Flood,,,,,,,,,A,ACTIVE,,,,X,National General Flood,,,,,,,,,,,,X,National General Flood,,,,,,,,,,,,,,,X,National General Flood,,,,,,,,,,30,https://daks2k3a4ib2z.cloudfront.net/66f0cd754043424e6ac8102c/670d6ff8debdfa4790b24e33_National-General-Flood-500x500.jpg,https://flood.nationalgeneral.com/
X,X,,Nationwide,,,,,,,,,,,A,ACTIVE,,X,X,,Nationwide,,,,,,,A,ACTIVE,,X,X,,Nationwide,,,,,,,,,,,A,ACTIVE,,X,X,,Nationwide,,,,,,,,,A,ACTIVE,,X,X,,Nationwide,,,,,,,A,ACTIVE,,X,X,,Nationwide,,,,,,,,,G,,ACTIVE,,X,X,,Nationwide,,,,,,,,A,ACTIVE,48,https://daks2k3a4ib2z.cloudfront.net/66f0cd754043424e6ac8102c/670d6ff92153e467e31303d8_Nationwide-500x500.jpg,https://www.nationwide.com/
,X,,Nationwide Private Client,,,,,,,,,,G,,ACTIVE,,,X,,Nationwide Private Client,,,,,,,,,,,X,,Nationwide Private Client,,,,,,,,,,,,,,,X,,Nationwide Private Client,,,,,,,,,,,,,X,,Nationwide Private Client,,,,,,,,,,,X,,Nationwide Private Client,,,,,,,,,,,,,,X,,Nationwide Private Client,,,,,,,,,,1,https://daks2k3a4ib2z.cloudfront.net/66f0cd754043424e6ac8102c/670d6ff849010795adc658b3_Nationwide-Private-Client-500x500.jpg,https://www.nationwide.com/
,X,,Northern Neck Insurance,,,,,,,,,,G,,ACTIVE,,,X,,Northern Neck Insurance,,,,,,,,,,,X,,Northern Neck Insurance,,,,,,,,,,,,,,,X,,Northern Neck Insurance,,,,,,,,,,,,,X,,Northern Neck Insurance,,,,,,,,,,,X,,Northern Neck Insurance,,,,,,,,,,,,,,X,,Northern Neck Insurance,,,,,,,,,,1,https://daks2k3a4ib2z.cloudfront.net/66f0cd754043424e6ac8102c/670d6ff9ed3501b5cf0e8993_Northern-Neck-Insurance-500x500.jpg,https://www.nnins.com/
,,,Novatae Risk Group,,,,,,,,,,,,,,,,,Novatae Risk Group,,,,,,,,,,,,,Novatae Risk Group,,,,,,,,,,,,,,,,,Novatae Risk Group,,,,,,,,,,,,,,,Novatae Risk Group,,,,,,,,,,,,,Novatae Risk Group,,,,,,,,,,,,,,,,Novatae Risk Group,,,,,,,,,,0,,
,,X,NSM Insurance Group,,,,,,,,,,,A,ACTIVE,,,,X,NSM Insurance Group,,,,,,,A,ACTIVE,,,,X,NSM Insurance Group,,,,,,,,,,,A,ACTIVE,,,,X,NSM Insurance Group,,,,,,,,,A,ACTIVE,,,,X,NSM Insurance Group,,,,,,,A,ACTIVE,,,,X,NSM Insurance Group,,,,,,,,,,A,ACTIVE,,,,X,NSM Insurance Group,,,,,,,,A,ACTIVE,49,https://daks2k3a4ib2z.cloudfront.net/66f0cd754043424e6ac8102c/670d6ff90d0eafc0e896f4e3_NMS.jpg,https://nsminc.com/
X,X,,NYCM Insurance,,,,,,,,,,,,,,X,X,,NYCM Insurance,,,,,,,,,,X,X,,NYCM Insurance,,,,,,,,,,,,,,X,X,,NYCM Insurance,,,,,,,,G,,ACTIVE,,X,X,,NYCM Insurance,,,,,,,,,,X,X,,NYCM Insurance,,,,,,,,,,,,,X,X,,NYCM Insurance,,,,,,,,,,1,https://daks2k3a4ib2z.cloudfront.net/66f0cd754043424e6ac8102c/670d6ff94d44b05dc0d3988a_NYCM-Insurance-500x500.jpg,https://www.nycm.com/
,X,,Openly,,,,,,,,,,G,,ACTIVE,,,X,,Openly,,,,,,G,,ACTIVE,,,X,,Openly,,,,,,,,,,G,,ACTIVE,,,X,,Openly,,,,,,,,G,,ACTIVE,,,X,,Openly,,,,,,G,,ACTIVE,,,X,,Openly,,,,,,,,,G,,ACTIVE,,,X,,Openly,,,,,,,G,,ACTIVE,24,https://daks2k3a4ib2z.cloudfront.net/66f0cd754043424e6ac8102c/670d6ff9f4b23816e2d54929_Openly-500x500.jpg,https://openly.com/
,,X,Orchid,,,,,,,,,,,A,ACTIVE,,,,X,Orchid,,,,,,,A,ACTIVE,,,,X,Orchid,,,,,,,,,,,A,ACTIVE,,,,X,Orchid,,,,,,,,,A,ACTIVE,,,,X,Orchid,,,,,,,A,ACTIVE,,,,X,Orchid,,,,,,,,,,A,ACTIVE,,,,X,Orchid,,,,,,,,A,ACTIVE,49,https://daks2k3a4ib2z.cloudfront.net/66f0cd754043424e6ac8102c/670d6ff99e1d8b79c86a2fab_Orchid-500x500.jpg,https://orchidinsurance.com/
X,,,Oregon Mutual,,,,,,,,,,,,,,X,,,Oregon Mutual,,,,,,,,,,X,,,Oregon Mutual,,,,,,,,,,,,,,X,,,Oregon Mutual,,,,,,,,,,,,X,,,Oregon Mutual,,,,,,G,,ACTIVE,,X,,,Oregon Mutual,,,,,,,,,,,,,X,,,Oregon Mutual,,,,,,,,,,4,https://daks2k3a4ib2z.cloudfront.net/66f0cd754043424e6ac8102c/670d6ff9d9d2ce26cc39e65b_Oregon-Mutual-500x500.jpg,https://www.oregonmutual.com/
,X,X,Orion180,,,,,,,,,,,,,,,X,X,Orion180,,,,,,,,,,,X,X,Orion180,,,,,,,,,,G,,ACTIVE,,,X,X,Orion180,,,,,,,,,,,,,X,X,Orion180,,,,,,,,,,,X,X,Orion180,,,,,,,,,,,,,,X,X,Orion180,,,,,,,,,,1,https://daks2k3a4ib2z.cloudfront.net/66f0cd754043424e6ac8102c/670d6ff84bb62740bfe610bb_Orion180-500x500.jpg,https://orion180.com/
,X,,Orion180,,,,,,,,,,,,,,,X,,Orion180,,,,,,,,,,,X,,Orion180,,,,,,,,,,,,,,,X,,Orion180,,,,,,,,,,,,,X,,Orion180,,,,,,,,,,,X,,Orion180,,,,,,,,,G,,ACTIVE,,,X,,Orion180,,,,,,,,,,6,https://daks2k3a4ib2z.cloudfront.net/66f0cd754043424e6ac8102c/670d6ff84bb62740bfe610bb_Orion180-500x500.jpg,https://orion180.com/
,X,,Palisades,,,,,,,,,,,,,,,X,,Palisades,,,,,,,,,,,X,,Palisades,,,,,,,,,,,,,,,X,,Palisades,,,,,,,,G,,ACTIVE,,,X,,Palisades,,,,,,,,,,,X,,Palisades,,,,,,,,,,,,,,X,,Palisades,,,,,,,,,,1,https://daks2k3a4ib2z.cloudfront.net/66f0cd754043424e6ac8102c/670d6ffbfda6dd5a3384dd5d_Palisades-Plymouth-Rock-Assurance.jpg,https://www.plymouthrock.com/
,,X,Pacific Specialty Insurance ,,,,,,,,,,,,,,,,X,Pacific Specialty Insurance ,,,,,,,,,,,,X,Pacific Specialty Insurance ,,,,,,,,,,,,,,,,X,Pacific Specialty Insurance ,,,,,,,,,,,,,,X,Pacific Specialty Insurance ,,,,,,,,,,,,X,Pacific Specialty Insurance ,,,,,,,,,,,,,,,X,Pacific Specialty Insurance ,,,,,,,G,,ACTIVE,1,https://daks2k3a4ib2z.cloudfront.net/66f0cd754043424e6ac8102c/670d6ff7557aa418bbde0743_Pacific-Specialty-Insurance--500x500.jpg,https://www.pacificspecialty.com/
,,X,Palomar (Earthquake),,,,,,,,,,G,,ACTIVE,,,,X,Palomar (Earthquake),,,,,,,A,ACTIVE,,,,X,Palomar (Earthquake),,,,,,,,,,G,,ACTIVE,,,,X,Palomar (Earthquake),,,,,,,,,,,,,,X,Palomar (Earthquake),,,,,,,,,,,,X,Palomar (Earthquake),,,,,,,,,G,,ACTIVE,,,,X,Palomar (Earthquake),,,,,,,G,,ACTIVE,14,https://daks2k3a4ib2z.cloudfront.net/66f0cd754043424e6ac8102c/670d6ff88f95ef0e72a717b7_Carrier-Palomar.png,https://plmr.com/
,,X,Pathpoint,,,,,,,,,,,A,ACTIVE,,,,X,Pathpoint,,,,,,,A,ACTIVE,,,,X,Pathpoint,,,,,,,,,,,A,ACTIVE,,,,X,Pathpoint,,,,,,,,,A,ACTIVE,,,,X,Pathpoint,,,,,,,A,ACTIVE,,,,X,Pathpoint,,,,,,,,,,A,ACTIVE,,,,X,Pathpoint,,,,,,,,A,ACTIVE,49,https://daks2k3a4ib2z.cloudfront.net/66f0cd754043424e6ac8102c/670d6ff7bd4a91e7beaedba0_Pathpoint-500x500.jpg,https://www.pathpoint.com/
,X,,Philadelphia Contributionship,,,,,,,,,,G,,ACTIVE,,,X,,Philadelphia Contributionship,,,,,,,,,,,X,,Philadelphia Contributionship,,,,,,,,,,,,,,,X,,Philadelphia Contributionship,,,,,,,,,,,,,X,,Philadelphia Contributionship,,,,,,,,,,,X,,Philadelphia Contributionship,,,,,,,,,,,,,,X,,Philadelphia Contributionship,,,,,,,,,,2,https://daks2k3a4ib2z.cloudfront.net/66f0cd754043424e6ac8102c/670d6ff782e20b0d5901fda3_Philadelphia-Contributionship-500x500.jpg,https://1752.com/
X,,,Pie Insurance,,,,,,,,,,,A,ACTIVE,,X,,,Pie Insurance,,,,,,,A,ACTIVE,,X,,,Pie Insurance,,,,,,,,,,G,,ACTIVE,,X,,,Pie Insurance,,,,,,,,,A,ACTIVE,,X,,,Pie Insurance,,,,,,G,,ACTIVE,,X,,,Pie Insurance,,,,,,,,,,,,,X,,,Pie Insurance,,,,,,,,,,33,https://daks2k3a4ib2z.cloudfront.net/66f0cd754043424e6ac8102c/670d6ff74f3f5677bd58c4eb_Pie-Insurance-500x500.jpg,https://pieinsurance.com/
X,X,,Plymouth Rock Assurance,,,,,,,,,,G,,ACTIVE,,X,X,,Plymouth Rock Assurance,,,,,,,,,,X,X,,Plymouth Rock Assurance,,,,,,,,,,,,,,X,X,,Plymouth Rock Assurance,,,,,,,,G,,ACTIVE,,X,X,,Plymouth Rock Assurance,,,,,,,,,,X,X,,Plymouth Rock Assurance,,,,,,,,,,,,,X,X,,Plymouth Rock Assurance,,,,,,,,,,8,https://daks2k3a4ib2z.cloudfront.net/66f0cd754043424e6ac8102c/670d6ff7557aa418bbde0740_Plymouth-Rock-Assurance-500x500.jpg,https://www.plymouthrock.com/
X,X,,POM,,,,,,,,,,G,,ACTIVE,,X,X,,POM,,,,,,,,,,X,X,,POM,,,,,,,,,,,,,,X,X,,POM,,,,,,,,,,,,X,X,,POM,,,,,,,,,,X,X,,POM,,,,,,,,,,,,,X,X,,POM,,,,,,,,,,1,https://daks2k3a4ib2z.cloudfront.net/66f0cd754043424e6ac8102c/670d6ffc1593e36762aebb3d_POM.jpg,https://www.gopom.com/
,,X,Propeller Insurance (Bond),,,,,,,,,,,A,ACTIVE,,,,X,Propeller Insurance (Bond),,,,,,,A,ACTIVE,,,,X,Propeller Insurance (Bond),,,,,,,,,,,A,ACTIVE,,,,X,Propeller Insurance (Bond),,,,,,,,,A,ACTIVE,,,,X,Propeller Insurance (Bond),,,,,,,A,ACTIVE,,,,X,Propeller Insurance (Bond),,,,,,,,,,A,ACTIVE,,,,X,Propeller Insurance (Bond),,,,,,,,A,ACTIVE,49,https://daks2k3a4ib2z.cloudfront.net/66f0cd754043424e6ac8102c/670d6ff7b3a896f2201a50d3_Propeller-Insurance-Bond-500x500.jpg,https://www.propellerbonds.com/
X,X,,Providence Mutual,,,,,,,,,,G,,ACTIVE,,X,X,,Providence Mutual,,,,,,,,,,X,X,,Providence Mutual,,,,,,,,,,,,,,X,X,,Providence Mutual,,,,,,,,G,,ACTIVE,,X,X,,Providence Mutual,,,,,,,,,,X,X,,Providence Mutual,,,,,,,,,,,,,X,X,,Providence Mutual,,,,,,,,,,7,https://daks2k3a4ib2z.cloudfront.net/66f0cd754043424e6ac8102c/670d6ff74c71de93b88c4d45_Providence-Mutual-500x500.jpg,https://www.providencemutual.com/
,,X,Riverside Insurance Agency,,,,,,,,,,G,,ACTIVE,,,,X,Riverside Insurance Agency,,,,,,,,,,,,X,Riverside Insurance Agency,,,,,,,,,,,,,,,,X,Riverside Insurance Agency,,,,,,,,,,,,,,X,Riverside Insurance Agency,,,,,,,,,,,,X,Riverside Insurance Agency,,,,,,,,,,,,,,,X,Riverside Insurance Agency,,,,,,,,,,6,https://daks2k3a4ib2z.cloudfront.net/66f0cd754043424e6ac8102c/670d700f838082d1ec9921b2_Riverside-Insurance-Agency-500x500.jpg,https://millersmutualgroup.com/our-story/riverside-brokerage/
,X,,Rockingham,,,,,,,,,,G,,ACTIVE,,,X,,Rockingham,,,,,,,,,,,X,,Rockingham,,,,,,,,,,,,,,,X,,Rockingham,,,,,,,,,,,,,X,,Rockingham,,,,,,,,,,,X,,Rockingham,,,,,,,,,,,,,,X,,Rockingham,,,,,,,,,,1,https://daks2k3a4ib2z.cloudfront.net/66f0cd754043424e6ac8102c/670d6ff89e1d8b79c86a2e7c_Rockingham.jpg,https://rockingham.insure/?utm_source=website&utm_medium=logo&utm_campaign=premier_agency_partner
X,,,Rockwood Casualty,,,,,,,,,,G,,ACTIVE,,X,,,Rockwood Casualty,,,,,,,,,,X,,,Rockwood Casualty,,,,,,,,,,,,,,X,,,Rockwood Casualty,,,,,,,,,,,,X,,,Rockwood Casualty,,,,,,,,,,X,,,Rockwood Casualty,,,,,,,,,,,,,X,,,Rockwood Casualty,,,,,,,,,,2,https://daks2k3a4ib2z.cloudfront.net/66f0cd754043424e6ac8102c/670d6ff889430a2396e0a521_Rockwood-Casualty-500x500.jpg,https://www.argolimited.com/rockwood
,X,,Safeco Insurance,,,,,,,,,,,A,ACTIVE,,,X,,Safeco Insurance,,,,,,,A,ACTIVE,,,X,,Safeco Insurance,,,,,,,,,,G,,ACTIVE,,,X,,Safeco Insurance,,,,,,,,,A,ACTIVE,,,X,,Safeco Insurance,,,,,,,A,ACTIVE,,,X,,Safeco Insurance,,,,,,,,,,A,ACTIVE,,,X,,Safeco Insurance,,,,,,,,A,ACTIVE,47,https://daks2k3a4ib2z.cloudfront.net/66f0cd754043424e6ac8102c/670d6ff8c35ff96b80690c80_Safeco-Insurance-500x500.jpg,https://www.safeco.com/
X,,,Selective,,,,,,,,,,,,,,X,,,Selective,,,,,,,,,,X,,,Selective,,,,,,,,,,,,,,X,,,Selective,,,,,,,,G,,ACTIVE,,X,,,Selective,,,,,,,,,,X,,,Selective,,,,,,,,,,,,,X,,,Selective,,,,,,,,,,1,https://daks2k3a4ib2z.cloudfront.net/66f0cd754043424e6ac8102c/670d6ff846647148fc949805_Selective-500x500.jpg,https://www.selective.com/
X,,X,Selective,,,,,,,,,,G,,ACTIVE,,X,,X,Selective,,,,,,,,,,X,,X,Selective,,,,,,,,,,,,,,X,,X,Selective,,,,,,,,,,,,X,,X,Selective,,,,,,,,,,X,,X,Selective,,,,,,,,,G,,ACTIVE,,X,,X,Selective,,,,,,,G,,ACTIVE,10,https://daks2k3a4ib2z.cloudfront.net/66f0cd754043424e6ac8102c/670d6ff846647148fc949805_Selective-500x500.jpg,https://www.selective.com/
,X,,Selective PL,,,,,,,,,,G,,ACTIVE,,,X,,Selective PL,,,,,,,,,,,X,,Selective PL,,,,,,,,,,,,,,,X,,Selective PL,,,,,,,,,,,,,X,,Selective PL,,,,,,,,,,,X,,Selective PL,,,,,,,,,,,,,,X,,Selective PL,,,,,,,,,,6,https://daks2k3a4ib2z.cloudfront.net/66f0cd754043424e6ac8102c/670d6ff846647148fc949805_Selective-500x500.jpg,https://www.selective.com/
,,X,Selective Flood,,,,,,,,,,,A,ACTIVE,,,,X,Selective Flood,,,,,,,A,ACTIVE,,,,X,Selective Flood,,,,,,,,,,,A,ACTIVE,,,,X,Selective Flood,,,,,,,,,A,ACTIVE,,,,X,Selective Flood,,,,,,,A,ACTIVE,,,,X,Selective Flood,,,,,,,,,,A,ACTIVE,,,,X,Selective Flood,,,,,,,,,,43,https://daks2k3a4ib2z.cloudfront.net/66f0cd754043424e6ac8102c/670d6ff8132505b0974d87e0_Selective-Flood-500x500.jpg,https://www.selective.com/
X,,,Seneca,,,,,,,,,,G,,ACTIVE,,X,,,Seneca,,,,,,,,,,X,,,Seneca,,,,,,,,,,,,,,X,,,Seneca,,,,,,,,,,,,X,,,Seneca,,,,,,,,,,X,,,Seneca,,,,,,,,,,,,,X,,,Seneca,,,,,,,,,,3,https://daks2k3a4ib2z.cloudfront.net/66f0cd754043424e6ac8102c/670d6ff70334f3320bad43fe_Seneca-500x500.jpg,https://www.senecainsurance.com/
,,X,SolePro,,,,,,,,,,,A,ACTIVE,,,,X,SolePro,,,,,,,A,ACTIVE,,,,X,SolePro,,,,,,,,,,,A,ACTIVE,,,,X,SolePro,,,,,,,,,A,ACTIVE,,,,X,SolePro,,,,,,,A,ACTIVE,,,,X,SolePro,,,,,,,,,,,,,,,X,SolePro,,,,,,,,A,ACTIVE,41,https://daks2k3a4ib2z.cloudfront.net/66f0cd754043424e6ac8102c/670d6ff76502904d98ddb1ec_SolePro-1-500x500.jpg,https://www.solepro.com/
X,X,,State Auto,,,,,,,,,,G,,ACTIVE,,X,X,,State Auto,,,,,,,,,,X,X,,State Auto,,,,,,,,,,,,,,X,X,,State Auto,,,,,,,,G,,ACTIVE,,X,X,,State Auto,,,,,,,,,,X,X,,State Auto,,,,,,,,,G,,ACTIVE,,X,X,,State Auto,,,,,,,G,,ACTIVE,23,https://daks2k3a4ib2z.cloudfront.net/66f0cd754043424e6ac8102c/670d6ff7c96f2e8d113e3e4f_State-Auto-500x500.jpg,https://www.stateauto.com/
X,,,State Auto CL & Farm,,,,,,,,,,,,,,X,,,State Auto CL & Farm,,,,,,,A,ACTIVE,,X,,,State Auto CL & Farm,,,,,,,,,,G,,ACTIVE,,X,,,State Auto CL & Farm,,,,,,,,,,,,X,,,State Auto CL & Farm,,,,,,,,,,X,,,State Auto CL & Farm,,,,,,,,,,,,,X,,,State Auto CL & Farm,,,,,,,,,,11,https://daks2k3a4ib2z.cloudfront.net/66f0cd754043424e6ac8102c/670d6ff7c96f2e8d113e3e4f_State-Auto-500x500.jpg,https://www.stateauto.com/
,X,,State Auto PL,,,,,,,,,,,,,,,X,,State Auto PL,,,,,,G,,ACTIVE,,,X,,State Auto PL,,,,,,,,,,,,,,,X,,State Auto PL,,,,,,,,,,,,,X,,State Auto PL,,,,,,,,,,,X,,State Auto PL,,,,,,,,,,,,,,X,,State Auto PL,,,,,,,,,,3,https://daks2k3a4ib2z.cloudfront.net/66f0cd754043424e6ac8102c/670d6ff7c96f2e8d113e3e4f_State-Auto-500x500.jpg,https://www.stateauto.com/
,X,,Stillwater,,,,,,,,,,G,,ACTIVE,,,X,,Stillwater,,,,,,,,,,,X,,Stillwater,,,,,,,,,,,,,,,X,,Stillwater,,,,,,,,G,,ACTIVE,,,X,,Stillwater,,,,,,,A,ACTIVE,,,X,,Stillwater,,,,,,,,,G,,ACTIVE,,,X,,Stillwater,,,,,,,,A,ACTIVE,23,https://daks2k3a4ib2z.cloudfront.net/66f0cd754043424e6ac8102c/670d6ff7a29b3fc63a32cff7_Stillwater-500x500.jpg,https://stillwaterinsurance.com/
,,X,Stuckey & Company,,,,,,,,,,,,,,,,X,Stuckey & Company,,,,,,,A,ACTIVE,,,,X,Stuckey & Company,,,,,,,,,,,A,ACTIVE,,,,X,Stuckey & Company,,,,,,,,,,,,,,X,Stuckey & Company,,,,,,,A,ACTIVE,,,,X,Stuckey & Company,,,,,,,,,,,,,,,X,Stuckey & Company,,,,,,,,,,19,https://daks2k3a4ib2z.cloudfront.net/66f0cd754043424e6ac8102c/670d6ff7b9f6b1f5d992c7a4_Stuckey-Company-500x500.jpg,https://www.stuckey.com/
,X,,Swyfft PL,,,,,,,,,,,,,,,X,,Swyfft PL,,,,,,G,,ACTIVE,,,X,,Swyfft PL,,,,,,,,,,,,,,,X,,Swyfft PL,,,,,,,,,,,,,X,,Swyfft PL,,,,,,,,,,,X,,Swyfft PL,,,,,,,,,G,,ACTIVE,,,X,,Swyfft PL,,,,,,,,,,2,https://daks2k3a4ib2z.cloudfront.net/66f0cd754043424e6ac8102c/670d6ff7d15ef006e514ddca_Swyfft-500x500.jpg,https://swyfft.com/
,X,X,Swyfft PL,,,,,,,,,,,,,,,X,X,Swyfft PL,,,,,,,,,,,X,X,Swyfft PL,,,,,,,,,,,,,,,X,X,Swyfft PL,,,,,,,,,,,,,X,X,Swyfft PL,,,,,,,,,,,X,X,Swyfft PL,,,,,,,,,,,,,,X,X,Swyfft PL,,,,,,,G,,ACTIVE,1,https://daks2k3a4ib2z.cloudfront.net/66f0cd754043424e6ac8102c/670d6ff7d15ef006e514ddca_Swyfft-500x500.jpg,https://swyfft.com/
,,X,Swyfft,,,,,,,,,,,,,,,,X,Swyfft,,,,,,,,,,,,X,Swyfft,,,,,,,,,,,,,,,,X,Swyfft,,,,,,,,,A,ACTIVE,,,,X,Swyfft,,,,,,,,,,,,X,Swyfft,,,,,,,,,,,,,,,X,Swyfft,,,,,,,,,,7,https://daks2k3a4ib2z.cloudfront.net/66f0cd754043424e6ac8102c/670d6ff7d15ef006e514ddca_Swyfft-500x500.jpg,https://swyfft.com/
,,X,Tapco,,,,,,,,,,,A,ACTIVE,,,,X,Tapco,,,,,,,A,ACTIVE,,,,X,Tapco,,,,,,,,,,,A,ACTIVE,,,,X,Tapco,,,,,,,,,A,ACTIVE,,,,X,Tapco,,,,,,,A,ACTIVE,,,,X,Tapco,,,,,,,,,,A,ACTIVE,,,,X,Tapco,,,,,,,,A,ACTIVE,49,https://daks2k3a4ib2z.cloudfront.net/66f0cd754043424e6ac8102c/670d6ff79a22bf65feea652e_Tapco-500x500.jpg,https://secure.gotapco.com/#/Home
X,X,X,Thimble,,,,,,,,,,,,,,X,X,X,Thimble,,,,,,,,,,X,X,X,Thimble,,,,,,,,,,,,,,X,X,X,Thimble,,,,,,,,,A,ACTIVE,,X,X,X,Thimble,,,,,,,,,,X,X,X,Thimble,,,,,,,,,,,,,X,X,X,Thimble,,,,,,,,,,7,https://daks2k3a4ib2z.cloudfront.net/66f0cd754043424e6ac8102c/670d6ff7ed3501b5cf0e87a5_Thimble-500x500.jpg,https://www.thimble.com/
X,,,Thimble,,,,,,,,,,,,,,X,,,Thimble,,,,,,,,,,X,,,Thimble,,,,,,,,,,,,,,X,,,Thimble,,,,,,,,,,,,X,,,Thimble,,,,,,,,,,X,,,Thimble,,,,,,,,,,,,,X,,,Thimble,,,,,,,,A,ACTIVE,6,https://daks2k3a4ib2z.cloudfront.net/66f0cd754043424e6ac8102c/670d6ff7ed3501b5cf0e87a5_Thimble-500x500.jpg,https://www.thimble.com/
,,X,Thimble,,,,,,,,,,G,,ACTIVE,,,,X,Thimble,,,,,,G,,ACTIVE,,,,X,Thimble,,,,,,,,,,G,,ACTIVE,,,,X,Thimble,,,,,,,,,,,,,,X,Thimble,,,,,,,A,ACTIVE,,,,X,Thimble,,,,,,,,,,,,,,,X,Thimble,,,,,,,,,,17,https://daks2k3a4ib2z.cloudfront.net/66f0cd754043424e6ac8102c/670d6ff7ed3501b5cf0e87a5_Thimble-500x500.jpg,https://www.thimble.com/
,,X,Transguard,,,,,,,,,,,,,,,,X,Transguard,,,,,,G,,ACTIVE,,,,X,Transguard,,,,,,,,,,G,,ACTIVE,,,,X,Transguard,,,,,,,,,A,ACTIVE,,,,X,Transguard,,,,,,,A,ACTIVE,,,,X,Transguard,,,,,,,,,,,,,,,X,Transguard,,,,,,,,A,ACTIVE,20,https://daks2k3a4ib2z.cloudfront.net/66f0cd754043424e6ac8102c/670d6ff765612663d076a003_Transguard-500x500.jpg,https://www.iatinsurancegroup.com/products-solutions/commercial/transportation
,,X,Transportation Risk Services,,,,,,,,,,,,,,,,X,Transportation Risk Services,,,,,,,A,ACTIVE,,,,X,Transportation Risk Services,,,,,,,,,,,A,ACTIVE,,,,X,Transportation Risk Services,,,,,,,,,,,,,,X,Transportation Risk Services,,,,,,G,,ACTIVE,,,,X,Transportation Risk Services,,,,,,,,,,,,,X,,,Transportation Risk Services,,,,,,,,,,17,https://daks2k3a4ib2z.cloudfront.net/66f0cd754043424e6ac8102c/670d6ff7bd4a91e7beaedb8d_Transportation-Risk-Services-500x500.jpg,https://trsinsurance.com/
X,X,,Travelers,,,,,,,,,,,A,ACTIVE,,X,X,,Travelers,,,,,,,A,ACTIVE,,X,X,,Travelers,,,,,,,,,,,,,,X,X,,Travelers,,,,,,,,,A,ACTIVE,,X,X,,Travelers,,,,,,,A,ACTIVE,,X,X,,Travelers,,,,,,,,,,A,ACTIVE,,X,X,,Travelers,,,,,,,,A,ACTIVE,40,https://daks2k3a4ib2z.cloudfront.net/66f0cd754043424e6ac8102c/670d6ff7c96f2e8d113e3e52_Travelers-500x500.jpg,https://www.travelers.com/
X,,,Travelers CL,,,,,,,,,,,,,,X,,,Travelers CL,,,,,,,,,,X,,,Travelers CL,,,,,,,,,,,A,ACTIVE,,X,,,Travelers CL,,,,,,,,,,,,X,,,Travelers CL,,,,,,,,,,X,,,Travelers CL,,,,,,,,,,,,,X,,,Travelers CL,,,,,,,,,,9,https://daks2k3a4ib2z.cloudfront.net/66f0cd754043424e6ac8102c/670d6ff7c96f2e8d113e3e52_Travelers-500x500.jpg,https://www.travelers.com/
,X,,Travelers PL,,,,,,,,,,,,,,,X,,Travelers PL,,,,,,,,,,,X,,Travelers PL,,,,,,,,,,G,,ACTIVE,,,X,,Travelers PL,,,,,,,,,,,,,X,,Travelers PL,,,,,,,,,,,X,,Travelers PL,,,,,,,,,,,,,,X,,Travelers PL,,,,,,,,,,8,https://daks2k3a4ib2z.cloudfront.net/66f0cd754043424e6ac8102c/670d6ff7c96f2e8d113e3e52_Travelers-500x500.jpg,https://www.travelers.com/
,,X,Travelers Bond & Specialty,,,,,,,,,,,A,ACTIVE,,,,X,Travelers Bond & Specialty,,,,,,,A,ACTIVE,,,,X,Travelers Bond & Specialty,,,,,,,,,,G,,ACTIVE,,,,X,Travelers Bond & Specialty,,,,,,,,,A,ACTIVE,,,,X,Travelers Bond & Specialty,,,,,,,A,ACTIVE,,,,X,Travelers Bond & Specialty,,,,,,,,,,A,ACTIVE,,,,X,Travelers Bond & Specialty,,,,,,,,A,ACTIVE,48,https://daks2k3a4ib2z.cloudfront.net/66f0cd754043424e6ac8102c/670d6ffc1ef1e9ba8d5860b9_Travelers-Bond-Specialty-500x500.jpg,https://www.travelers.com/surety-bond
X,,X,UFG Insurance,,,,,,,,,,,,,,X,,X,UFG Insurance,,,,,,,A,ACTIVE,,X,,X,UFG Insurance,,,,,,,,,,,A,ACTIVE,,X,,X,UFG Insurance,,,,,,,,,,,,X,,X,UFG Insurance,,,,,,,,,,X,,X,UFG Insurance,,,,,,,,,,,,,X,,X,UFG Insurance,,,,,,,,,,14,https://daks2k3a4ib2z.cloudfront.net/66f0cd754043424e6ac8102c/670d6ff8c7051ec79087eadf_UFG-500x500.jpg,https://www.ufginsurance.com/
,,X,US Risk,,,,,,,,,,,A,ACTIVE,,,,X,US Risk,,,,,,,A,ACTIVE,,,,X,US Risk,,,,,,,,,,,A,ACTIVE,,,,X,US Risk,,,,,,,,,A,ACTIVE,,,,X,US Risk,,,,,,,A,ACTIVE,,,,X,US Risk,,,,,,,,,,A,ACTIVE,,,,X,US Risk,,,,,,,,A,ACTIVE,49,https://daks2k3a4ib2z.cloudfront.net/66f0cd754043424e6ac8102c/670d6ff7f3f1a5160b279414_US-Risk-500x500.jpg,https://www.usrisk.com/
X,,,Utica First,,,,,,,,,,G,,ACTIVE,,X,,,Utica First,,,,,,,,,,X,,,Utica First,,,,,,,,,,,,,,X,,,Utica First,, ,, ,, , ,G,,ACTIVE,,X,,,Utica First,,,,,,,,,,X,,,Utica First,,,,,,,,,G,,ACTIVE,,X,,,Utica First,,,,,,,,,,9,https://daks2k3a4ib2z.cloudfront.net/66f0cd754043424e6ac8102c/670d6ff84be494b295f42189_Utica-First-500x500.jpg,https://www.uticafirst.com/
X,X,,Utica National,,,,,,,,,,G,,ACTIVE,,X,X,,Utica National,,,,,,,,,,X,X,,Utica National,,,,,,,,,,,,,,X,X,,Utica National,,,,,,,,,,,,X,X,,Utica National,,,,,,,,,,X,X,,Utica National,,,,,,,,,,,,,X,X,,Utica National,,,,,,,,,,6,https://daks2k3a4ib2z.cloudfront.net/66f0cd754043424e6ac8102c/670d6ff7fcc3fd5664b3a4e0_Utica-National-500x500.jpg,https://www.uticanational.com/
X,,,Utica National CL,,,,,,,,,,,,,,X,,,Utica National CL,,,,,,G,,ACTIVE,,X,,,Utica National CL,,,,,,,,,,,,,,X,,,Utica National CL,,,,,,,,G,,ACTIVE,,X,,,Utica National CL,,,,,,,,,,X,,,Utica National CL,,,,,,,,,G,,ACTIVE,,X,,,Utica National CL,,,,,,,,,,11,https://daks2k3a4ib2z.cloudfront.net/66f0cd754043424e6ac8102c/670d6ff7fcc3fd5664b3a4e0_Utica-National-500x500.jpg,https://www.uticanational.com/
,X,,Utica National PL,,,,,,,,,,,,,,,X,,Utica National PL,,,,,,,,,,,X,,Utica National PL,,,,,,,,,,,,,,,X,,Utica National PL,,,,,,,,G,,ACTIVE,,,X,,Utica National PL,,,,,,,,,,,X,,Utica National PL,,,,,,,,,G,,ACTIVE,,,X,,Utica National PL,,,,,,,,,,5,https://daks2k3a4ib2z.cloudfront.net/66f0cd754043424e6ac8102c/670d6ff7fcc3fd5664b3a4e0_Utica-National-500x500.jpg,https://www.uticanational.com/
,,X,Vacant Express,,,,,,,,,,,A,ACTIVE,,,,X,Vacant Express,,,,,,,A,ACTIVE,,,,X,Vacant Express,,,,,,,,,,G,,ACTIVE,,,,X,Vacant Express,,,,,,,,,A,ACTIVE,,,,X,Vacant Express,,,,,,,A,ACTIVE,,,,X,Vacant Express,,,,,,,,,,,,,,,X,Vacant Express,,,,,,,,A,ACTIVE,40,https://daks2k3a4ib2z.cloudfront.net/66f0cd754043424e6ac8102c/670d6ff70364f94e4dca093a_Vacant-Express-500x500.jpg,https://vacantexpress.com/
X,,X,Victor (Builders Risk & Dovetail),,,,,,,,,,,A,ACTIVE,,X,,X,Victor (Builders Risk & Dovetail),,,,,,,A,ACTIVE,,X,,X,Victor (Builders Risk & Dovetail),,,,,,,,,,,A,ACTIVE,,X,,X,Victor (Builders Risk & Dovetail),,,,,,,,,A,ACTIVE,,X,,X,Victor (Builders Risk & Dovetail),,,,,,,,,,X,,X,Victor (Builders Risk & Dovetail),,,,,,,,,,A,ACTIVE,,X,,X,Victor (Builders Risk & Dovetail),,,,,,,,A,ACTIVE,44,https://daks2k3a4ib2z.cloudfront.net/66f0cd754043424e6ac8102c/670d6ff7aade392f3f45b0dc_Victor-Builders-Risk-500x500.jpg,https://www.victorinsuranceus.com/Default.aspx
,,X,Victor (Builders Risk & Dovetail),,,,,,,,,,,,,,,,X,Victor (Builders Risk & Dovetail),,,,,,,,,,,,X,Victor (Builders Risk & Dovetail),,,,,,,,,,,,,,,,X,Victor (Builders Risk & Dovetail),,,,,,,,,,,,,,X,Victor (Builders Risk & Dovetail),,,,,,,A,ACTIVE,,,,X,Victor (Builders Risk & Dovetail),,,,,,,,,,,,,,,X,Victor (Builders Risk & Dovetail),,,,,,,,,,5,https://daks2k3a4ib2z.cloudfront.net/66f0cd754043424e6ac8102c/670d6ff7aade392f3f45b0dc_Victor-Builders-Risk-500x500.jpg,https://www.victorinsuranceus.com/Default.aspx
X,X,X,West Bend,,,,,,,,,,,,,,X,X,X,West Bend,,,,,,,,,,X,X,X,West Bend,,,,,,,,,,,,,,X,X,X,West Bend,,,,,,,,,,,,X,X,X,West Bend,,,,,,,,,,X,X,X,West Bend,,,,,,,,,,,,,X,X,X,West Bend,,,,,,,G,,ACTIVE,1,https://daks2k3a4ib2z.cloudfront.net/66f0cd754043424e6ac8102c/670d6ff7b3a896f2201a5095_West-Bend-500x500.jpg,https://www.thesilverlining.com/
X,,X,West Bend,,,,,,,,,,G,,ACTIVE,,X,,X,West Bend,,,,,,G,,ACTIVE,,X,,X,West Bend CL,,,,,,,,,,G,,ACTIVE,,X,,X,West Bend,,,,,,,,,,,,X,,X,West Bend,,,,,,,,,,X,,X,West Bend,,,,,,,,,G,,ACTIVE,,X,,X,West Bend,,,,,,,,,,13,https://daks2k3a4ib2z.cloudfront.net/66f0cd754043424e6ac8102c/670d6ff7b3a896f2201a5095_West-Bend-500x500.jpg,https://www.thesilverlining.com/
,X,,West Bend,,,,,,,,,,,,,,,X,,West Bend,,,,,,,,,,,X,,West Bend PL,,,,,,,,,,G,,ACTIVE,,,X,,West Bend,,,,,,,,,,,,,X,,West Bend,,,,,,,,,,,X,,West Bend,,,,,,,,,,,,,,X,,West Bend,,,,,,,,,,5,https://daks2k3a4ib2z.cloudfront.net/66f0cd754043424e6ac8102c/670d6ff7b3a896f2201a5095_West-Bend-500x500.jpg,https://www.thesilverlining.com/
X,,,Westfield,,,,,,,,,,G,,ACTIVE,,X,X,,Westfield,,,,,,,,,,X,,,Westfield,,,,,,,,,,G,,ACTIVE,,X,X,,Westfield,,,,,,,,,,,,X,X,,Westfield,,,,,,,,,,X,,,Westfield,,,,,,,,,G,,ACTIVE,,X,X,,Westfield,,,,,,,,,,13,https://daks2k3a4ib2z.cloudfront.net/66f0cd754043424e6ac8102c/670d6ff755fbc644906ca112_Westfield-500x500.jpg,https://www.westfieldinsurance.com/
,,X,Wright Flood,,,,,,,,,,G,,ACTIVE,,,,X,Wright Flood,,,,,,,,,,,,X,Wright Flood,,,,,,,,,,G,,ACTIVE,,,,X,Wright Flood,,,,,,,,,A,ACTIVE,,,,X,Wright Flood,,,,,,,,,,,,X,Wright Flood,,,,,,,,,G,,ACTIVE,,,,X,Wright Flood,,,,,,,,,,14,https://daks2k3a4ib2z.cloudfront.net/66f0cd754043424e6ac8102c/670d6ff7a29b3fc63a32cff4_Wright-Flood-500x500.jpg,http://www.wrightflood.com/
,,X,XS Brokers,,,,,,,,,,,A,ACTIVE,,,,X,XS Brokers,,,,,,,A,ACTIVE,,,,X,XS Brokers,,,,,,,,,,,A,ACTIVE,,,,X,XS Brokers,,,,,,,,,A,ACTIVE,,,,X,XS Brokers,,,,,,,A,ACTIVE,,,,X,XS Brokers,,,,,,,,,G,,ACTIVE,,,,X,XS Brokers,,,,,,,,A,ACTIVE,47,https://daks2k3a4ib2z.cloudfront.net/66f0cd754043424e6ac8102c/670d6ff74c71de93b88c4d32_XS-Brokers-500x500.jpg,https://www.xsbrokers.com/
,,,,,,,,,,,,,,,,,,,,,,,,,,,,,,,,,,,,,,,,,,,,,,,,,,,,,,,,,,,,,,,,,,,,,,,,,,,,,,,,,,,,,,,,,,,,,,,,,,,,,,,,,,
MID-ATLANTIC,,,,,,,,,,,,,,,,,MIDWEST (South),,,,,,,,,,,,,MIDWEST (North),,,,,,,,,,,,,,,,,NORTHEAST,,,,,,,,,,,,,,,NORTHWEST,,,,,,,,,,,,,SOUTH,,,,,,,,,,,,,,,,SOUTHWEST,,,,,,,,,,,,,,,
CL,PL,SL,CARRIER PARTNERS,DC,DE,KY,MD,NJ,OH,PA,VA,WV,,,,,CL,PL,SL,CARRIER PARTNERS,AR,KS,MO,OK,TX,,,,,CL,PL,SL,CARRIER PARTNERS,IA,IL,IN,MI,MN,ND,NE,SD,WI,,,,,CL,PL,SL,CARRIER PARTNERS,CT,ME,MA,NH,NY,RI,VT,,,,,CL,PL,SL,CARRIER PARTNERS,"ID",MT,OR,WA,WY,,,,,CL,PL,SL,CARRIER PARTNERS,AL,FL,GA,LA,MS,NC,SC,TN,,,,,CL,PL,SL,CARRIER PARTNERS,AZ,CA,CO,NM,NV,UT,,,,,,
,,,,,,,,,,,,,,,,,,,,,,,,,,,,,,,,,,,,,,,,,,,,,,,,,,,,,,,,,,,,,,,,,,,,,,,,,,,,,,,,,,,,,,,,,,,,,,,,,,,,,,,,,,
,,,,,,,,,,,,,,,,,,,,,,,,,,,,,,,,,,,,,,,,,,,,,,,,,,,,,,,,,,,,,,,,,,,,,,,,,,,,,,,,,,,,,,,,,,,,,,,,,,,,,,,,,,
,,,,,,,,,,,,,,,,,,,,,,,,,,,,,,,,,,,,,,,,,,,,,,,,,,,,,,,,,,,,,,,,,,,,,,,,,,,,,,,,,,,,,,,,,,,,,,,,,,,,,,,,,,
,,,,,,,,,,,,,,,,,,,,,,,,,,,,,,,,,,,,,,,,,,,,,,,,,,,,,,,,,,,,,,,,,,,,,,,,,,,,,,,,,,,,,,,,,,,,,,,,,,,,,,,,,,
,,,,,,,,,,,,,,,,,,,,,,,,,,,,,,,,,,,,,,,,,,,,,,,,,,,,,,,,,,,,,,,,,,,,,,,,,,,,,,,,,,,,,,,,,,,,,,,,,,,,,,,,,,
,,,,,,,,,,,,,,,,,,,,,,,,,,,,,,,,,,,,,,,,,,,,,,,,,,,,,,,,,,,,,,,,,,,,,,,,,,,,,,,,,,,,,,,,,,,,,,,,,,,,,,,,,,
,,,,,,,,,,,,,,,,,,,,,,,,,,,,,,,,,,,,,,,,,,,,,,,,,,,,,,,,,,,,,,,,,,,,,,,,,,,,,,,,,,,,,,,,,,,,,,,,,,,,,,,,,,
,,,,,,,,,,,,,,,,,,,,,,,,,,,,,,,,,,,,,,,,,,,,,,,,,,,,,,,,,,,,,,,,,,,,,,,,,,,,,,,,,,,,,,,,,,,,,,,,,,,,,,,,,,
,,,,,,,,,,,,,,,,,,,,,,,,,,,,,,,,,,,,,,,,,,,,,,,,,,,,,,,,,,,,,,,,,,,,,,,,,,,,,,,,,,,,,,,,,,,,,,,,,,,,,,,,,,
,,,,,,,,,,,,,,,,,,,,,,,,,,,,,,,,,,,,,,,,,,,,,,,,,,,,,,,,,,,,,,,,,,,,,,,,,,,,,,,,,,,,,,,,,,,,,,,,,,,,,,,,,,
,,,,,,,,,,,,,,,,,,,,,,,,,,,,,,,,,,,,,,,,,,,,,,,,,,,,,,,,,,,,,,,,,,,,,,,,,,,,,,,,,,,,,,,,,,,,,,,,,,,,,,,,,,
,,,,,,,,,,,,,,,,,,,,,,,,,,,,,,,,,,,,,,,,,,,,,,,,,,,,,,,,,,,,,,,,,,,,,,,,,,,,,,,,,,,,,,,,,,,,,,,,,,,,,,,,,,
,,,,,,,,,,,,,,,,,,,,,,,,,,,,,,,,,,,,,,,,,,,,,,,,,,,,,,,,,,,,,,,,,,,,,,,,,,,,,,,,,,,,,,,,,,,,,,,,,,,,,,,,,,
,,,,,,,,,,,,,,,,,,,,,,,,,,,,,,,,,,,,,,,,,,,,,,,,,,,,,,,,,,,,,,,,,,,,,,,,,,,,,,,,,,,,,,,,,,,,,,,,,,,,,,,,,,
,,,,,,,,,,,,,,,,,,,,,,,,,,,,,,,,,,,,,,,,,,,,,,,,,,,,,,,,,,,,,,,,,,,,,,,,,,,,,,,,,,,,,,,,,,,,,,,,,,,,,,,,,,
,,,,,,,,,,,,,,,,,,,,,,,,,,,,,,,,,,,,,,,,,,,,,,,,,,,,,,,,,,,,,,,,,,,,,,,,,,,,,,,,,,,,,,,,,,,,,,,,,,,,,,,,,,
,,,,,,,,,,,,,,,,,,,,,,,,,,,,,,,,,,,,,,,,,,,,,,,,,,,,,,,,,,,,,,,,,,,,,,,,,,,,,,,,,,,,,,,,,,,,,,,,,,,,,,,,,,
,,,,,,,,,,,,,,,,,,,,,,,,,,,,,,,,,,,,,,,,,,,,,,,,,,,,,,,,,,,,,,,,,,,,,,,,,,,,,,,,,,,,,,,,,,,,,,,,,,,,,,,,,,
,,,,,,,,,,,,,,,,,,,,,,,,,,,,,,,,,,,,,,,,,,,,,,,,,,,,,,,,,,,,,,,,,,,,,,,,,,,,,,,,,,,,,,,,,,,,,,,,,,,,,,,,,,
,,,,,,,,,,,,,,,,,,,,,,,,,,,,,,,,,,,,,,,,,,,,,,,,,,,,,,,,,,,,,,,,,,,,,,,,,,,,,,,,,,,,,,,,,,,,,,,,,,,,,,,,,,
,,,,,,,,,,,,,,,,,,,,,,,,,,,,,,,,,,,,,,,,,,,,,,,,,,,,,,,,,,,,,,,,,,,,,,,,,,,,,,,,,,,,,,,,,,,,,,,,,,,,,,,,,,
,,,,,,,,,,,,,,,,,,,,,,,,,,,,,,,,,,,,,,,,,,,,,,,,,,,,,,,,,,,,,,,,,,,,,,,,,,,,,,,,,,,,,,,,,,,,,,,,,,,,,,,,,,
,,,,,,,,,,,,,,,,,,,,,,,,,,,,,,,,,,,,,,,,,,,,,,,,,,,,,,,,,,,,,,,,,,,,,,,,,,,,,,,,,,,,,,,,,,,,,,,,,,,,,,,,,,
,,,,,,,,,,,,,,,,,,,,,,,,,,,,,,,,,,,,,,,,,,,,,,,,,,,,,,,,,,,,,,,,,,,,,,,,,,,,,,,,,,,,,,,,,,,,,,,,,,,,,,,,,,
,,,,,,,,,,,,,,,,,,,,,,,,,,,,,,,,,,,,,,,,,,,,,,,,,,,,,,,,,,,,,,,,,,,,,,,,,,,,,,,,,,,,,,,,,,,,,,,,,,,,,,,,,,
,,,,,,,,,,,,,,,,,,,,,,,,,,,,,,,,,,,,,,,,,,,,,,,,,,,,,,,,,,,,,,,,,,,,,,,,,,,,,,,,,,,,,,,,,,,,,,,,,,,,,,,,,,
,,,,,,,,,,,,,,,,,,,,,,,,,,,,,,,,,,,,,,,,,,,,,,,,,,,,,,,,,,,,,,,,,,,,,,,,,,,,,,,,,,,,,,,,,,,,,,,,,,,,,,,,,,
,,,,,,,,,,,,,,,,,,,,,,,,,,,,,,,,,,,,,,,,,,,,,,,,,,,,,,,,,,,,,,,,,,,,,,,,,,,,,,,,,,,,,,,,,,,,,,,,,,,,,,,,,,
,,,,,,,,,,,,,,,,,,,,,,,,,,,,,,,,,,,,,,,,,,,,,,,,,,,,,,,,,,,,,,,,,,,,,,,,,,,,,,,,,,,,,,,,,,,,,,,,,,,,,,,,,,
,,,,,,,,,,,,,,,,,,,,,,,,,,,,,,,,,,,,,,,,,,,,,,,,,,,,,,,,,,,,,,,,,,,,,,,,,,,,,,,,,,,,,,,,,,,,,,,,,,,,,,,,,,
,,,,,,,,,,,,,,,,,,,,,,,,,,,,,,,,,,,,,,,,,,,,,,,,,,,,,,,,,,,,,,,,,,,,,,,,,,,,,,,,,,,,,,,,,,,,,,,,,,,,,,,,,,
,,,,,,,,,,,,,,,,,,,,,,,,,,,,,,,,,,,,,,,,,,,,,,,,,,,,,,,,,,,,,,,,,,,,,,,,,,,,,,,,,,,,,,,,,,,,,,,,,,,,,,,,,,
,,,,,,,,,,,,,,,,,,,,,,,,,,,,,,,,,,,,,,,,,,,,,,,,,,,,,,,,,,,,,,,,,,,,,,,,,,,,,,,,,,,,,,,,,,,,,,,,,,,,,,,,,,
,,,,,,,,,,,,,,,,,,,,,,,,,,,,,,,,,,,,,,,,,,,,,,,,,,,,,,,,,,,,,,,,,,,,,,,,,,,,,,,,,,,,,,,,,,,,,,,,,,,,,,,,,,
,,,,,,,,,,,,,,,,,,,,,,,,,,,,,,,,,,,,,,,,,,,,,,,,,,,,,,,,,,,,,,,,,,,,,,,,,,,,,,,,,,,,,,,,,,,,,,,,,,,,,,,,,,
,,,,,,,,,,,,,,,,,,,,,,,,,,,,,,,,,,,,,,,,,,,,,,,,,,,,,,,,,,,,,,,,,,,,,,,,,,,,,,,,,,,,,,,,,,,,,,,,,,,,,,,,,,
,,,,,,,,,,,,,,,,,,,,,,,,,,,,,,,,,,,,,,,,,,,,,,,,,,,,,,,,,,,,,,,,,,,,,,,,,,,,,,,,,,,,,,,,,,,,,,,,,,,,,,,,,,
,,,,,,,,,,,,,,,,,,,,,,,,,,,,,,,,,,,,,,,,,,,,,,,,,,,,,,,,,,,,,,,,,,,,,,,,,,,,,,,,,,,,,,,,,,,,,,,,,,,,,,,,,,
,,,,,,,,,,,,,,,,,,,,,,,,,,,,,,,,,,,,,,,,,,,,,,,,,,,,,,,,,,,,,,,,,,,,,,,,,,,,,,,,,,,,,,,,,,,,,,,,,,,,,,,,,,
,,,,,,,,,,,,,,,,,,,,,,,,,,,,,,,,,,,,,,,,,,,,,,,,,,,,,,,,,,,,,,,,,,,,,,,,,,,,,,,,,,,,,,,,,,,,,,,,,,,,,,,,,,
,,,,,,,,,,,,,,,,,,,,,,,,,,,,,,,,,,,,,,,,,,,,,,,,,,,,,,,,,,,,,,,,,,,,,,,,,,,,,,,,,,,,,,,,,,,,,,,,,,,,,,,,,,
,,,,,,,,,,,,,,,,,,,,,,,,,,,,,,,,,,,,,,,,,,,,,,,,,,,,,,,,,,,,,,,,,,,,,,,,,,,,,,,,,,,,,,,,,,,,,,,,,,,,,,,,,,
,,,,,,,,,,,,,,,,,,,,,,,,,,,,,,,,,,,,,,,,,,,,,,,,,,,,,,,,,,,,,,,,,,,,,,,,,,,,,,,,,,,,,,,,,,,,,,,,,,,,,,,,,,
,,,,,,,,,,,,,,,,,,,,,,,,,,,,,,,,,,,,,,,,,,,,,,,,,,,,,,,,,,,,,,,,,,,,,,,,,,,,,,,,,,,,,,,,,,,,,,,,,,,,,,,,,,
,,,,,,,,,,,,,,,,,,,,,,,,,,,,,,,,,,,,,,,,,,,,,,,,,,,,,,,,,,,,,,,,,,,,,,,,,,,,,,,,,,,,,,,,,,,,,,,,,,,,,,,,,,
,,,,,,,,,,,,,,,,,,,,,,,,,,,,,,,,,,,,,,,,,,,,,,,,,,,,,,,,,,,,,,,,,,,,,,,,,,,,,,,,,,,,,,,,,,,,,,,,,,,,,,,,,,
,,,,,,,,,,,,,,,,,,,,,,,,,,,,,,,,,,,,,,,,,,,,,,,,,,,,,,,,,,,,,,,,,,,,,,,,,,,,,,,,,,,,,,,,,,,,,,,,,,,,,,,,,,
,,,,,,,,,,,,,,,,,,,,,,,,,,,,,,,,,,,,,,,,,,,,,,,,,,,,,,,,,,,,,,,,,,,,,,,,,,,,,,,,,,,,,,,,,,,,,,,,,,,,,,,,,,
,,,,,,,,,,,,,,,,,,,,,,,,,,,,,,,,,,,,,,,,,,,,,,,,,,,,,,,,,,,,,,,,,,,,,,,,,,,,,,,,,,,,,,,,,,,,,,,,,,,,,,,,,,
,,,,,,,,,,,,,,,,,,,,,,,,,,,,,,,,,,,,,,,,,,,,,,,,,,,,,,,,,,,,,,,,,,,,,,,,,,,,,,,,,,,,,,,,,,,,,,,,,,,,,,,,,,
,,,,,,,,,,,,,,,,,,,,,,,,,,,,,,,,,,,,,,,,,,,,,,,,,,,,,,,,,,,,,,,,,,,,,,,,,,,,,,,,,,,,,,,,,,,,,,,,,,,,,,,,,,
,,,,,,,,,,,,,,,,,,,,,,,,,,,,,,,,,,,,,,,,,,,,,,,,,,,,,,,,,,,,,,,,,,,,,,,,,,,,,,,,,,,,,,,,,,,,,,,,,,,,,,,,,,
,,,,,,,,,,,,,,,,,,,,,,,,,,,,,,,,,,,,,,,,,,,,,,,,,,,,,,,,,,,,,,,,,,,,,,,,,,,,,,,,,,,,,,,,,,,,,,,,,,,,,,,,,,
,,,,,,,,,,,,,,,,,,,,,,,,,,,,,,,,,,,,,,,,,,,,,,,,,,,,,,,,,,,,,,,,,,,,,,,,,,,,,,,,,,,,,,,,,,,,,,,,,,,,,,,,,,
,,,,,,,,,,,,,,,,,,,,,,,,,,,,,,,,,,,,,,,,,,,,,,,,,,,,,,,,,,,,,,,,,,,,,,,,,,,,,,,,,,,,,,,,,,,,,,,,,,,,,,,,,,
,,,,,,,,,,,,,,,,,,,,,,,,,,,,,,,,,,,,,,,,,,,,,,,,,,,,,,,,,,,,,,,,,,,,,,,,,,,,,,,,,,,,,,,,,,,,,,,,,,,,,,,,,,
,,,,,,,,,,,,,,,,,,,,,,,,,,,,,,,,,,,,,,,,,,,,,,,,,,,,,,,,,,,,,,,,,,,,,,,,,,,,,,,,,,,,,,,,,,,,,,,,,,,,,,,,,,
,,,,,,,,,,,,,,,,,,,,,,,,,,,,,,,,,,,,,,,,,,,,,,,,,,,,,,,,,,,,,,,,,,,,,,,,,,,,,,,,,,,,,,,,,,,,,,,,,,,,,,,,,,
,,,,,,,,,,,,,,,,,,,,,,,,,,,,,,,,,,,,,,,,,,,,,,,,,,,,,,,,,,,,,,,,,,,,,,,,,,,,,,,,,,,,,,,,,,,,,,,,,,,,,,,,,,
,,,,,,,,,,,,,,,,,,,,,,,,,,,,,,,,,,,,,,,,,,,,,,,,,,,,,,,,,,,,,,,,,,,,,,,,,,,,,,,,,,,,,,,,,,,,,,,,,,,,,,,,,,
,,,,,,,,,,,,,,,,,,,,,,,,,,,,,,,,,,,,,,,,,,,,,,,,,,,,,,,,,,,,,,,,,,,,,,,,,,,,,,,,,,,,,,,,,,,,,,,,,,,,,,,,,,
,,,,,,,,,,,,,,,,,,,,,,,,,,,,,,,,,,,,,,,,,,,,,,,,,,,,,,,,,,,,,,,,,,,,,,,,,,,,,,,,,,,,,,,,,,,,,,,,,,,,,,,,,,
,,,,,,,,,,,,,,,,,,,,,,,,,,,,,,,,,,,,,,,,,,,,,,,,,,,,,,,,,,,,,,,,,,,,,,,,,,,,,,,,,,,,,,,,,,,,,,,,,,,,,,,,,,
,,,,,,,,,,,,,,,,,,,,,,,,,,,,,,,,,,,,,,,,,,,,,,,,,,,,,,,,,,,,,,,,,,,,,,,,,,,,,,,,,,,,,,,,,,,,,,,,,,,,,,,,,,
,,,,,,,,,,,,,,,,,,,,,,,,,,,,,,,,,,,,,,,,,,,,,,,,,,,,,,,,,,,,,,,,,,,,,,,,,,,,,,,,,,,,,,,,,,,,,,,,,,,,,,,,,,
,,,,,,,,,,,,,,,,,,,,,,,,,,,,,,,,,,,,,,,,,,,,,,,,,,,,,,,,,,,,,,,,,,,,,,,,,,,,,,,,,,,,,,,,,,,,,,,,,,,,,,,,,,
,,,,,,,,,,,,,,,,,,,,,,,,,,,,,,,,,,,,,,,,,,,,,,,,,,,,,,,,,,,,,,,,,,,,,,,,,,,,,,,,,,,,,,,,,,,,,,,,,,,,,,,,,,
,,,,,,,,,,,,,,,,,,,,,,,,,,,,,,,,,,,,,,,,,,,,,,,,,,,,,,,,,,,,,,,,,,,,,,,,,,,,,,,,,,,,,,,,,,,,,,,,,,,,,,,,,,
,,,,,,,,,,,,,,,,,,,,,,,,,,,,,,,,,,,,,,,,,,,,,,,,,,,,,,,,,,,,,,,,,,,,,,,,,,,,,,,,,,,,,,,,,,,,,,,,,,,,,,,,,,
,,,,,,,,,,,,,,,,,,,,,,,,,,,,,,,,,,,,,,,,,,,,,,,,,,,,,,,,,,,,,,,,,,,,,,,,,,,,,,,,,,,,,,,,,,,,,,,,,,,,,,,,,,
,,,,,,,,,,,,,,,,,,,,,,,,,,,,,,,,,,,,,,,,,,,,,,,,,,,,,,,,,,,,,,,,,,,,,,,,,,,,,,,,,,,,,,,,,,,,,,,,,,,,,,,,,,
,,,,,,,,,,,,,,,,,,,,,,,,,,,,,,,,,,,,,,,,,,,,,,,,,,,,,,,,,,,,,,,,,,,,,,,,,,,,,,,,,,,,,,,,,,,,,,,,,,,,,,,,,,
,,,,,,,,,,,,,,,,,,,,,,,,,,,,,,,,,,,,,,,,,,,,,,,,,,,,,,,,,,,,,,,,,,,,,,,,,,,,,,,,,,,,,,,,,,,,,,,,,,,,,,,,,,
,,,,,,,,,,,,,,,,,,,,,,,,,,,,,,,,,,,,,,,,,,,,,,,,,,,,,,,,,,,,,,,,,,,,,,,,,,,,,,,,,,,,,,,,,,,,,,,,,,,,,,,,,,
,,,,,,,,,,,,,,,,,,,,,,,,,,,,,,,,,,,,,,,,,,,,,,,,,,,,,,,,,,,,,,,,,,,,,,,,,,,,,,,,,,,,,,,,,,,,,,,,,,,,,,,,,,
,,,,,,,,,,,,,,,,,,,,,,,,,,,,,,,,,,,,,,,,,,,,,,,,,,,,,,,,,,,,,,,,,,,,,,,,,,,,,,,,,,,,,,,,,,,,,,,,,,,,,,,,,,
,,,,,,,,,,,,,,,,,,,,,,,,,,,,,,,,,,,,,,,,,,,,,,,,,,,,,,,,,,,,,,,,,,,,,,,,,,,,,,,,,,,,,,,,,,,,,,,,,,,,,,,,,,
,,,,,,,,,,,,,,,,,,,,,,,,,,,,,,,,,,,,,,,,,,,,,,,,,,,,,,,,,,,,,,,,,,,,,,,,,,,,,,,,,,,,,,,,,,,,,,,,,,,,,,,,,,
,,,,,,,,,,,,,,,,,,,,,,,,,,,,,,,,,,,,,,,,,,,,,,,,,,,,,,,,,,,,,,,,,,,,,,,,,,,,,,,,,,,,,,,,,,,,,,,,,,,,,,,,,,
,,,,,,,,,,,,,,,,,,,,,,,,,,,,,,,,,,,,,,,,,,,,,,,,,,,,,,,,,,,,,,,,,,,,,,,,,,,,,,,,,,,,,,,,,,,,,,,,,,,,,,,,,,
,,,,,,,,,,,,,,,,,,,,,,,,,,,,,,,,,,,,,,,,,,,,,,,,,,,,,,,,,,,,,,,,,,,,,,,,,,,,,,,,,,,,,,,,,,,,,,,,,,,,,,,,,,
,,,,,,,,,,,,,,,,,,,,,,,,,,,,,,,,,,,,,,,,,,,,,,,,,,,,,,,,,,,,,,,,,,,,,,,,,,,,,,,,,,,,,,,,,,,,,,,,,,,,,,,,,,
,,,,,,,,,,,,,,,,,,,,,,,,,,,,,,,,,,,,,,,,,,,,,,,,,,,,,,,,,,,,,,,,,,,,,,,,,,,,,,,,,,,,,,,,,,,,,,,,,,,,,,,,,,
,,,,,,,,,,,,,,,,,,,,,,,,,,,,,,,,,,,,,,,,,,,,,,,,,,,,,,,,,,,,,,,,,,,,,,,,,,,,,,,,,,,,,,,,,,,,,,,,,,,,,,,,,,
,,,,,,,,,,,,,,,,,,,,,,,,,,,,,,,,,,,,,,,,,,,,,,,,,,,,,,,,,,,,,,,,,,,,,,,,,,,,,,,,,,,,,,,,,,,,,,,,,,,,,,,,,,
,,,,,,,,,,,,,,,,,,,,,,,,,,,,,,,,,,,,,,,,,,,,,,,,,,,,,,,,,,,,,,,,,,,,,,,,,,,,,,,,,,,,,,,,,,,,,,,,,,,,,,,,,,
,,,,,,,,,,,,,,,,,,,,,,,,,,,,,,,,,,,,,,,,,,,,,,,,,,,,,,,,,,,,,,,,,,,,,,,,,,,,,,,,,,,,,,,,,,,,,,,,,,,,,,,,,,
,,,,,,,,,,,,,,,,,,,,,,,,,,,,,,,,,,,,,,,,,,,,,,,,,,,,,,,,,,,,,,,,,,,,,,,,,,,,,,,,,,,,,,,,,,,,,,,,,,,,,,,,,,
,,,,,,,,,,,,,,,,,,,,,,,,,,,,,,,,,,,,,,,,,,,,,,,,,,,,,,,,,,,,,,,,,,,,,,,,,,,,,,,,,,,,,,,,,,,,,,,,,,,,,,,,,,
,,,,,,,,,,,,,,,,,,,,,,,,,,,,,,,,,,,,,,,,,,,,,,,,,,,,,,,,,,,,,,,,,,,,,,,,,,,,,,,,,,,,,,,,,,,,,,,,,,,,,,,,,,
,,,,,,,,,,,,,,,,,,,,,,,,,,,,,,,,,,,,,,,,,,,,,,,,,,,,,,,,,,,,,,,,,,,,,,,,,,,,,,,,,,,,,,,,,,,,,,,,,,,,,,,,,,
,,,,,,,,,,,,,,,,,,,,,,,,,,,,,,,,,,,,,,,,,,,,,,,,,,,,,,,,,,,,,,,,,,,,,,,,,,,,,,,,,,,,,,,,,,,,,,,,,,,,,,,,,,
,,,,,,,,,,,,,,,,,,,,,,,,,,,,,,,,,,,,,,,,,,,,,,,,,,,,,,,,,,,,,,,,,,,,,,,,,,,,,,,,,,,,,,,,,,,,,,,,,,,,,,,,,,
,,,,,,,,,,,,,,,,,,,,,,,,,,,,,,,,,,,,,,,,,,,,,,,,,,,,,,,,,,,,,,,,,,,,,,,,,,,,,,,,,,,,,,,,,,,,,,,,,,,,,,,,,,
,,,,,,,,,,,,,,,,,,,,,,,,,,,,,,,,,,,,,,,,,,,,,,,,,,,,,,,,,,,,,,,,,,,,,,,,,,,,,,,,,,,,,,,,,,,,,,,,,,,,,,,,,,
,,,,,,,,,,,,,,,,,,,,,,,,,,,,,,,,,,,,,,,,,,,,,,,,,,,,,,,,,,,,,,,,,,,,,,,,,,,,,,,,,,,,,,,,,,,,,,,,,,,,,,,,,,
,,,,,,,,,,,,,,,,,,,,,,,,,,,,,,,,,,,,,,,,,,,,,,,,,,,,,,,,,,,,,,,,,,,,,,,,,,,,,,,,,,,,,,,,,,,,,,,,,,,,,,,,,,
,,,,,,,,,,,,,,,,,,,,,,,,,,,,,,,,,,,,,,,,,,,,,,,,,,,,,,,,,,,,,,,,,,,,,,,,,,,,,,,,,,,,,,,,,,,,,,,,,,,,,,,,,,
,,,,,,,,,,,,,,,,,,,,,,,,,,,,,,,,,,,,,,,,,,,,,,,,,,,,,,,,,,,,,,,,,,,,,,,,,,,,,,,,,,,,,,,,,,,,,,,,,,,,,,,,,,
,,,,,,,,,,,,,,,,,,,,,,,,,,,,,,,,,,,,,,,,,,,,,,,,,,,,,,,,,,,,,,,,,,,,,,,,,,,,,,,,,,,,,,,,,,,,,,,,,,,,,,,,,,
,,,,,,,,,,,,,,,,,,,,,,,,,,,,,,,,,,,,,,,,,,,,,,,,,,,,,,,,,,,,,,,,,,,,,,,,,,,,,,,,,,,,,,,,,,,,,,,,,,,,,,,,,,
,,,,,,,,,,,,,,,,,,,,,,,,,,,,,,,,,,,,,,,,,,,,,,,,,,,,,,,,,,,,,,,,,,,,,,,,,,,,,,,,,,,,,,,,,,,,,,,,,,,,,,,,,,
,,,,,,,,,,,,,,,,,,,,,,,,,,,,,,,,,,,,,,,,,,,,,,,,,,,,,,,,,,,,,,,,,,,,,,,,,,,,,,,,,,,,,,,,,,,,,,,,,,,,,,,,,,
,,,,,,,,,,,,,,,,,,,,,,,,,,,,,,,,,,,,,,,,,,,,,,,,,,,,,,,,,,,,,,,,,,,,,,,,,,,,,,,,,,,,,,,,,,,,,,,,,,,,,,,,,,
,,,,,,,,,,,,,,,,,,,,,,,,,,,,,,,,,,,,,,,,,,,,,,,,,,,,,,,,,,,,,,,,,,,,,,,,,,,,,,,,,,,,,,,,,,,,,,,,,,,,,,,,,,
,,,,,,,,,,,,,,,,,,,,,,,,,,,,,,,,,,,,,,,,,,,,,,,,,,,,,,,,,,,,,,,,,,,,,,,,,,,,,,,,,,,,,,,,,,,,,,,,,,,,,,,,,,
,,,,,,,,,,,,,,,,,,,,,,,,,,,,,,,,,,,,,,,,,,,,,,,,,,,,,,,,,,,,,,,,,,,,,,,,,,,,,,,,,,,,,,,,,,,,,,,,,,,,,,,,,,
,,,,,,,,,,,,,,,,,,,,,,,,,,,,,,,,,,,,,,,,,,,,,,,,,,,,,,,,,,,,,,,,,,,,,,,,,,,,,,,,,,,,,,,,,,,,,,,,,,,,,,,,,,
,,,,,,,,,,,,,,,,,,,,,,,,,,,,,,,,,,,,,,,,,,,,,,,,,,,,,,,,,,,,,,,,,,,,,,,,,,,,,,,,,,,,,,,,,,,,,,,,,,,,,,,,,,
,,,,,,,,,,,,,,,,,,,,,,,,,,,,,,,,,,,,,,,,,,,,,,,,,,,,,,,,,,,,,,,,,,,,,,,,,,,,,,,,,,,,,,,,,,,,,,,,,,,,,,,,,,
,,,,,,,,,,,,,,,,,,,,,,,,,,,,,,,,,,,,,,,,,,,,,,,,,,,,,,,,,,,,,,,,,,,,,,,,,,,,,,,,,,,,,,,,,,,,,,,,,,,,,,,,,,
,,,,,,,,,,,,,,,,,,,,,,,,,,,,,,,,,,,,,,,,,,,,,,,,,,,,,,,,,,,,,,,,,,,,,,,,,,,,,,,,,,,,,,,,,,,,,,,,,,,,,,,,,,
,,,,,,,,,,,,,,,,,,,,,,,,,,,,,,,,,,,,,,,,,,,,,,,,,,,,,,,,,,,,,,,,,,,,,,,,,,,,,,,,,,,,,,,,,,,,,,,,,,,,,,,,,,
,,,,,,,,,,,,,,,,,,,,,,,,,,,,,,,,,,,,,,,,,,,,,,,,,,,,,,,,,,,,,,,,,,,,,,,,,,,,,,,,,,,,,,,,,,,,,,,,,,,,,,,,,,
,,,,,,,,,,,,,,,,,,,,,,,,,,,,,,,,,,,,,,,,,,,,,,,,,,,,,,,,,,,,,,,,,,,,,,,,,,,,,,,,,,,,,,,,,,,,,,,,,,,,,,,,,,
,,,,,,,,,,,,,,,,,,,,,,,,,,,,,,,,,,,,,,,,,,,,,,,,,,,,,,,,,,,,,,,,,,,,,,,,,,,,,,,,,,,,,,,,,,,,,,,,,,,,,,,,,,
,,,,,,,,,,,,,,,,,,,,,,,,,,,,,,,,,,,,,,,,,,,,,,,,,,,,,,,,,,,,,,,,,,,,,,,,,,,,,,,,,,,,,,,,,,,,,,,,,,,,,,,,,,
,,,,,,,,,,,,,,,,,,,,,,,,,,,,,,,,,,,,,,,,,,,,,,,,,,,,,,,,,,,,,,,,,,,,,,,,,,,,,,,,,,,,,,,,,,,,,,,,,,,,,,,,,,
,,,,,,,,,,,,,,,,,,,,,,,,,,,,,,,,,,,,,,,,,,,,,,,,,,,,,,,,,,,,,,,,,,,,,,,,,,,,,,,,,,,,,,,,,,,,,,,,,,,,,,,,,,
,,,,,,,,,,,,,,,,,,,,,,,,,,,,,,,,,,,,,,,,,,,,,,,,,,,,,,,,,,,,,,,,,,,,,,,,,,,,,,,,,,,,,,,,,,,,,,,,,,,,,,,,,,
,,,,,,,,,,,,,,,,,,,,,,,,,,,,,,,,,,,,,,,,,,,,,,,,,,,,,,,,,,,,,,,,,,,,,,,,,,,,,,,,,,,,,,,,,,,,,,,,,,,,,,,,,,
,,,,,,,,,,,,,,,,,,,,,,,,,,,,,,,,,,,,,,,,,,,,,,,,,,,,,,,,,,,,,,,,,,,,,,,,,,,,,,,,,,,,,,,,,,,,,,,,,,,,,,,,,,
,,,,,,,,,,,,,,,,,,,,,,,,,,,,,,,,,,,,,,,,,,,,,,,,,,,,,,,,,,,,,,,,,,,,,,,,,,,,,,,,,,,,,,,,,,,,,,,,,,,,,,,,,,
,,,,,,,,,,,,,,,,,,,,,,,,,,,,,,,,,,,,,,,,,,,,,,,,,,,,,,,,,,,,,,,,,,,,,,,,,,,,,,,,,,,,,,,,,,,,,,,,,,,,,,,,,,
,,,,,,,,,,,,,,,,,,,,,,,,,,,,,,,,,,,,,,,,,,,,,,,,,,,,,,,,,,,,,,,,,,,,,,,,,,,,,,,,,,,,,,,,,,,,,,,,,,,,,,,,,,
,,,,,,,,,,,,,,,,,,,,,,,,,,,,,,,,,,,,,,,,,,,,,,,,,,,,,,,,,,,,,,,,,,,,,,,,,,,,,,,,,,,,,,,,,,,,,,,,,,,,,,,,,,
,,,,,,,,,,,,,,,,,,,,,,,,,,,,,,,,,,,,,,,,,,,,,,,,,,,,,,,,,,,,,,,,,,,,,,,,,,,,,,,,,,,,,,,,,,,,,,,,,,,,,,,,,,
,,,,,,,,,,,,,,,,,,,,,,,,,,,,,,,,,,,,,,,,,,,,,,,,,,,,,,,,,,,,,,,,,,,,,,,,,,,,,,,,,,,,,,,,,,,,,,,,,,,,,,,,,,
,,,,,,,,,,,,,,,,,,,,,,,,,,,,,,,,,,,,,,,,,,,,,,,,,,,,,,,,,,,,,,,,,,,,,,,,,,,,,,,,,,,,,,,,,,,,,,,,,,,,,,,,,,
,,,,,,,,,,,,,,,,,,,,,,,,,,,,,,,,,,,,,,,,,,,,,,,,,,,,,,,,,,,,,,,,,,,,,,,,,,,,,,,,,,,,,,,,,,,,,,,,,,,,,,,,,,
,,,,,,,,,,,,,,,,,,,,,,,,,,,,,,,,,,,,,,,,,,,,,,,,,,,,,,,,,,,,,,,,,,,,,,,,,,,,,,,,,,,,,,,,,,,,,,,,,,,,,,,,,,
,,,,,,,,,,,,,,,,,,,,,,,,,,,,,,,,,,,,,,,,,,,,,,,,,,,,,,,,,,,,,,,,,,,,,,,,,,,,,,,,,,,,,,,,,,,,,,,,,,,,,,,,,,
,,,,,,,,,,,,,,,,,,,,,,,,,,,,,,,,,,,,,,,,,,,,,,,,,,,,,,,,,,,,,,,,,,,,,,,,,,,,,,,,,,,,,,,,,,,,,,,,,,,,,,,,,,
,,,,,,,,,,,,,,,,,,,,,,,,,,,,,,,,,,,,,,,,,,,,,,,,,,,,,,,,,,,,,,,,,,,,,,,,,,,,,,,,,,,,,,,,,,,,,,,,,,,,,,,,,,
,,,,,,,,,,,,,,,,,,,,,,,,,,,,,,,,,,,,,,,,,,,,,,,,,,,,,,,,,,,,,,,,,,,,,,,,,,,,,,,,,,,,,,,,,,,,,,,,,,,,,,,,,,
,,,,,,,,,,,,,,,,,,,,,,,,,,,,,,,,,,,,,,,,,,,,,,,,,,,,,,,,,,,,,,,,,,,,,,,,,,,,,,,,,,,,,,,,,,,,,,,,,,,,,,,,,,
,,,,,,,,,,,,,,,,,,,,,,,,,,,,,,,,,,,,,,,,,,,,,,,,,,,,,,,,,,,,,,,,,,,,,,,,,,,,,,,,,,,,,,,,,,,,,,,,,,,,,,,,,,
,,,,,,,,,,,,,,,,,,,,,,,,,,,,,,,,,,,,,,,,,,,,,,,,,,,,,,,,,,,,,,,,,,,,,,,,,,,,,,,,,,,,,,,,,,,,,,,,,,,,,,,,,,
,,,,,,,,,,,,,,,,,,,,,,,,,,,,,,,,,,,,,,,,,,,,,,,,,,,,,,,,,,,,,,,,,,,,,,,,,,,,,,,,,,,,,,,,,,,,,,,,,,,,,,,,,,
,,,,,,,,,,,,,,,,,,,,,,,,,,,,,,,,,,,,,,,,,,,,,,,,,,,,,,,,,,,,,,,,,,,,,,,,,,,,,,,,,,,,,,,,,,,,,,,,,,,,,,,,,,
,,,,,,,,,,,,,,,,,,,,,,,,,,,,,,,,,,,,,,,,,,,,,,,,,,,,,,,,,,,,,,,,,,,,,,,,,,,,,,,,,,,,,,,,,,,,,,,,,,,,,,,,,,
,,,,,,,,,,,,,,,,,,,,,,,,,,,,,,,,,,,,,,,,,,,,,,,,,,,,,,,,,,,,,,,,,,,,,,,,,,,,,,,,,,,,,,,,,,,,,,,,,,,,,,,,,,
,,,,,,,,,,,,,,,,,,,,,,,,,,,,,,,,,,,,,,,,,,,,,,,,,,,,,,,,,,,,,,,,,,,,,,,,,,,,,,,,,,,,,,,,,,,,,,,,,,,,,,,,,,
,,,,,,,,,,,,,,,,,,,,,,,,,,,,,,,,,,,,,,,,,,,,,,,,,,,,,,,,,,,,,,,,,,,,,,,,,,,,,,,,,,,,,,,,,,,,,,,,,,,,,,,,,,
,,,,,,,,,,,,,,,,,,,,,,,,,,,,,,,,,,,,,,,,,,,,,,,,,,,,,,,,,,,,,,,,,,,,,,,,,,,,,,,,,,,,,,,,,,,,,,,,,,,,,,,,,,
,,,,,,,,,,,,,,,,,,,,,,,,,,,,,,,,,,,,,,,,,,,,,,,,,,,,,,,,,,,,,,,,,,,,,,,,,,,,,,,,,,,,,,,,,,,,,,,,,,,,,,,,,,
,,,,,,,,,,,,,,,,,,,,,,,,,,,,,,,,,,,,,,,,,,,,,,,,,,,,,,,,,,,,,,,,,,,,,,,,,,,,,,,,,,,,,,,,,,,,,,,,,,,,,,,,,,
,,,,,,,,,,,,,,,,,,,,,,,,,,,,,,,,,,,,,,,,,,,,,,,,,,,,,,,,,,,,,,,,,,,,,,,,,,,,,,,,,,,,,,,,,,,,,,,,,,,,,,,,,,
,,,,,,,,,,,,,,,,,,,,,,,,,,,,,,,,,,,,,,,,,,,,,,,,,,,,,,,,,,,,,,,,,,,,,,,,,,,,,,,,,,,,,,,,,,,,,,,,,,,,,,,,,,
,,,,,,,,,,,,,,,,,,,,,,,,,,,,,,,,,,,,,,,,,,,,,,,,,,,,,,,,,,,,,,,,,,,,,,,,,,,,,,,,,,,,,,,,,,,,,,,,,,,,,,,,,,
,,,,,,,,,,,,,,,,,,,,,,,,,,,,,,,,,,,,,,,,,,,,,,,,,,,,,,,,,,,,,,,,,,,,,,,,,,,,,,,,,,,,,,,,,,,,,,,,,,,,,,,,,,
,,,,,,,,,,,,,,,,,,,,,,,,,,,,,,,,,,,,,,,,,,,,,,,,,,,,,,,,,,,,,,,,,,,,,,,,,,,,,,,,,,,,,,,,,,,,,,,,,,,,,,,,,,
,,,,,,,,,,,,,,,,,,,,,,,,,,,,,,,,,,,,,,,,,,,,,,,,,,,,,,,,,,,,,,,,,,,,,,,,,,,,,,,,,,,,,,,,,,,,,,,,,,,,,,,,,,
,,,,,,,,,,,,,,,,,,,,,,,,,,,,,,,,,,,,,,,,,,,,,,,,,,,,,,,,,,,,,,,,,,,,,,,,,,,,,,,,,,,,,,,,,,,,,,,,,,,,,,,,,,
,,,,,,,,,,,,,,,,,,,,,,,,,,,,,,,,,,,,,,,,,,,,,,,,,,,,,,,,,,,,,,,,,,,,,,,,,,,,,,,,,,,,,,,,,,,,,,,,,,,,,,,,,,
,,,,,,,,,,,,,,,,,,,,,,,,,,,,,,,,,,,,,,,,,,,,,,,,,,,,,,,,,,,,,,,,,,,,,,,,,,,,,,,,,,,,,,,,,,,,,,,,,,,,,,,,,,
,,,,,,,,,,,,,,,,,,,,,,,,,,,,,,,,,,,,,,,,,,,,,,,,,,,,,,,,,,,,,,,,,,,,,,,,,,,,,,,,,,,,,,,,,,,,,,,,,,,,,,,,,,
,,,,,,,,,,,,,,,,,,,,,,,,,,,,,,,,,,,,,,,,,,,,,,,,,,,,,,,,,,,,,,,,,,,,,,,,,,,,,,,,,,,,,,,,,,,,,,,,,,,,,,,,,,
,,,,,,,,,,,,,,,,,,,,,,,,,,,,,,,,,,,,,,,,,,,,,,,,,,,,,,,,,,,,,,,,,,,,,,,,,,,,,,,,,,,,,,,,,,,,,,,,,,,,,,,,,,
,,,,,,,,,,,,,,,,,,,,,,,,,,,,,,,,,,,,,,,,,,,,,,,,,,,,,,,,,,,,,,,,,,,,,,,,,,,,,,,,,,,,,,,,,,,,,,,,,,,,,,,,,,
,,,,,,,,,,,,,,,,,,,,,,,,,,,,,,,,,,,,,,,,,,,,,,,,,,,,,,,,,,,,,,,,,,,,,,,,,,,,,,,,,,,,,,,,,,,,,,,,,,,,,,,,,,
,,,,,,,,,,,,,,,,,,,,,,,,,,,,,,,,,,,,,,,,,,,,,,,,,,,,,,,,,,,,,,,,,,,,,,,,,,,,,,,,,,,,,,,,,,,,,,,,,,,,,,,,,,
,,,,,,,,,,,,,,,,,,,,,,,,,,,,,,,,,,,,,,,,,,,,,,,,,,,,,,,,,,,,,,,,,,,,,,,,,,,,,,,,,,,,,,,,,,,,,,,,,,,,,,,,,,
,,,,,,,,,,,,,,,,,,,,,,,,,,,,,,,,,,,,,,,,,,,,,,,,,,,,,,,,,,,,,,,,,,,,,,,,,,,,,,,,,,,,,,,,,,,,,,,,,,,,,,,,,,
,,,,,,,,,,,,,,,,,,,,,,,,,,,,,,,,,,,,,,,,,,,,,,,,,,,,,,,,,,,,,,,,,,,,,,,,,,,,,,,,,,,,,,,,,,,,,,,,,,,,,,,,,,
,,,,,,,,,,,,,,,,,,,,,,,,,,,,,,,,,,,,,,,,,,,,,,,,,,,,,,,,,,,,,,,,,,,,,,,,,,,,,,,,,,,,,,,,,,,,,,,,,,,,,,,,,,
,,,,,,,,,,,,,,,,,,,,,,,,,,,,,,,,,,,,,,,,,,,,,,,,,,,,,,,,,,,,,,,,,,,,,,,,,,,,,,,,,,,,,,,,,,,,,,,,,,,,,,,,,,
,,,,,,,,,,,,,,,,,,,,,,,,,,,,,,,,,,,,,,,,,,,,,,,,,,,,,,,,,,,,,,,,,,,,,,,,,,,,,,,,,,,,,,,,,,,,,,,,,,,,,,,,,,
,,,,,,,,,,,,,,,,,,,,,,,,,,,,,,,,,,,,,,,,,,,,,,,,,,,,,,,,,,,,,,,,,,,,,,,,,,,,,,,,,,,,,,,,,,,,,,,,,,,,,,,,,,
,,,,,,,,,,,,,,,,,,,,,,,,,,,,,,,,,,,,,,,,,,,,,,,,,,,,,,,,,,,,,,,,,,,,,,,,,,,,,,,,,,,,,,,,,,,,,,,,,,,,,,,,,,
,,,,,,,,,,,,,,,,,,,,,,,,,,,,,,,,,,,,,,,,,,,,,,,,,,,,,,,,,,,,,,,,,,,,,,,,,,,,,,,,,,,,,,,,,,,,,,,,,,,,,,,,,,
,,,,,,,,,,,,,,,,,,,,,,,,,,,,,,,,,,,,,,,,,,,,,,,,,,,,,,,,,,,,,,,,,,,,,,,,,,,,,,,,,,,,,,,,,,,,,,,,,,,,,,,,,,
,,,,,,,,,,,,,,,,,,,,,,,,,,,,,,,,,,,,,,,,,,,,,,,,,,,,,,,,,,,,,,,,,,,,,,,,,,,,,,,,,,,,,,,,,,,,,,,,,,,,,,,,,,
,,,,,,,,,,,,,,,,,,,,,,,,,,,,,,,,,,,,,,,,,,,,,,,,,,,,,,,,,,,,,,,,,,,,,,,,,,,,,,,,,,,,,,,,,,,,,,,,,,,,,,,,,,
,,,,,,,,,,,,,,,,,,,,,,,,,,,,,,,,,,,,,,,,,,,,,,,,,,,,,,,,,,,,,,,,,,,,,,,,,,,,,,,,,,,,,,,,,,,,,,,,,,,,,,,,,,
,,,,,,,,,,,,,,,,,,,,,,,,,,,,,,,,,,,,,,,,,,,,,,,,,,,,,,,,,,,,,,,,,,,,,,,,,,,,,,,,,,,,,,,,,,,,,,,,,,,,,,,,,,
,,,,,,,,,,,,,,,,,,,,,,,,,,,,,,,,,,,,,,,,,,,,,,,,,,,,,,,,,,,,,,,,,,,,,,,,,,,,,,,,,,,,,,,,,,,,,,,,,,,,,,,,,,
,,,,,,,,,,,,,,,,,,,,,,,,,,,,,,,,,,,,,,,,,,,,,,,,,,,,,,,,,,,,,,,,,,,,,,,,,,,,,,,,,,,,,,,,,,,,,,,,,,,,,,,,,,
,,,,,,,,,,,,,,,,,,,,,,,,,,,,,,,,,,,,,,,,,,,,,,,,,,,,,,,,,,,,,,,,,,,,,,,,,,,,,,,,,,,,,,,,,,,,,,,,,,,,,,,,,,
,,,,,,,,,,,,,,,,,,,,,,,,,,,,,,,,,,,,,,,,,,,,,,,,,,,,,,,,,,,,,,,,,,,,,,,,,,,,,,,,,,,,,,,,,,,,,,,,,,,,,,,,,,